 Category , Part Number, Supplier Part #, Description, Location, Quantity, Counts, New Count, Difference, Oversold, Supplier, Brand
503,R-MAT-BARI,15301,"42"" Bariatric Foam Mattress (Mon...",, 0.000 ,0,, 0.000 ,,Drive Medical,
503,R-MAT-BARI-COHO,R-MAT-BARI-COHO,"42"" Bariatric COHO Mattress (Mon...",, 0.000 ,0,, 0.000 ,,,
503,R-MAT-BASIC-LUNA,LUNA,Basic Foam Home Care Mattress -...,, 0.000 ,0,, 0.000 ,,BFF Foam Corp.,
503,R-MAT-BASIC-SOLACE,SPS1080,Basic Foam Home Care Mattress -...,, 0.000 ,0,, 0.000 ,,Invacare Canada Ltd.,
503,R-MAT-GELOVERLAY,GMO3680,Blake Mattress Overlay: 36 x 80...,, 5.000 ,0,,-5.000 ,,Blake Medical Distribution,
503,R-MAT-LAL,SY-QHI0015-T8,Low Air Loss Mattress w. Pump -...,, 0.000 ,0,, 0.000 ,,Evergreen Medical Products,
503,R-MAT-LAL-MISC,R-MAT-LAL-MISC,LAL Mattress Miscellaneous (Mont...,, 0.000 ,0,, 0.000 ,,,
503,R-MAT-LAL-SWAN,R-MAT-LAL-SWAN,Low Air Loss Mattress w. Pump -...,, 0.000 ,0,, 0.000 ,,,
503,R-MAT-LP,RP-2134,Leveling Pad for Roho Sections (...,, 0.000 ,0,, 0.000 ,,Permobil Canada,
503,R-MAT-MISC,R-MAT-MISC,Miscellaneous Mattresses (Monthl...,, 1.000 ,0,,-1.000 ,,,
503,R-MAT-PREM-ATMOS,633038CA,"AtmosAir 9000X Hybrid ARM™, Da...",, 0.000 ,0,, 0.000 ,,Arjo Canada Inc.,
503,R-MAT-PREM-GELEFISH,R-MAT-PREM-GELEFISH,HME GELEFISH MATTRESS (Monthly R...,, 0.000 ,0,, 0.000 ,,,
503,R-MAT-PREM-LTC4000,LTC4000S-U55-60,LTC 4000 Ultra 55 Mattress w/ in...,, 1.000 ,0,,-1.000 ,,BFF Foam Corp.,
503,R-MAT-PREM-LTC9000,LTCAP6SQ4G-60,LTC 9000 HME Exclusive Mattress...,, 1.000 ,0,,-1.000 ,,BFF Foam Corp.,
503,R-MAT-PREM-LTC9200,LTCAIS-TS-60,LTC 9200 T-Style Mattress (Month...,, 0.000 ,0,, 0.000 ,,BFF Foam Corp.,
503,R-MAT-PREM-OTTER,OTTER-60,HME Otter Mattress (Monthly Rental),, 2.000 ,0,,-2.000 ,,BFF Foam Corp.,
503,R-MAT-ROHO1610,MATTSECT1610,"ROHO Mattress Section - 19"" x 30...",, 0.000 ,0,, 0.000 ,,Permobil Canada,
503,R-MAT-ROHO3400,MATTSECT3400,"ROHO Mattress Section - 19"" x 34...",, 1.000 ,0,,-1.000 ,,Permobil Canada,
505,R-AMB-2WW-A,G30757W,2 Wheeled Folding Walker - Adult...,, 1.000 ,0,,-1.000 ,,Medline Canada Corp.,
505,R-AMB-2WW-BARI,10220-1WW,2 Wheeled Folding Walker - Baria...,, 0.000 ,0,, 0.000 ,,Permobil Canada,
505,R-AMB-2WW-JR,G30758W,2 Wheeled Folding Walker - Junio...,, 0.000 ,0,, 0.000 ,,Medline Canada Corp.,
505,R-AMB-FUS,700-935,Airgo Fusion Transport Chair and...,, 0.000 ,0,, 0.000 , 1.000 ,Drive Medical,
505,R-AMB-HEMI,6252,Hemi Walker/Side Stepper (Monthl...,, 0.000 ,0,, 0.000 ,,Invacare Canada Ltd.,
505,R-AMB-PEDKAYE,W1/2BR,Pediatric Kaye Walker - 4 Wheels...,, 1.000 ,0,,-1.000 ,,"Kaye Products, Inc.",
505,R-AMB-ROLL-BARI,WXW51A,4 Wheel Rollator - Bariatric (Mo...,, 1.000 ,0,,-1.000 ,,Evolution Technologies Inc.,
505,R-AMB-ROLL-LOW,WRM51A,"4 Wheel Rollator - Low STF: 18""...",, 1.000 ,0,,-1.000 ,,Evolution Technologies Inc.,
505,R-AMB-ROLL-PLAT,22421-1B,4 Wheel Rollator with Platform A...,, 0.000 ,0,, 0.000 ,,Human Care Canada,
505,R-AMB-ROLL-REG,WRR51A,"4 Wheel Rollator - Reg STF: 22""...",, 1.000 ,0,,-1.000 ,,Evolution Technologies Inc.,
505,R-AMB-ROLL-TALL,WRT51A,"4 Wheel Rollator - Tall STF: 24""...",, 0.000 ,0,, 0.000 ,,Evolution Technologies Inc.,
505,R-AMB-WLK-A,G30755P,Standard Folding Walker - Adult...,, 0.000 ,0,, 0.000 ,,Medline Canada Corp.,
505,R-AMB-WLK-BARI,10220-1,Standard Folding Walker - Bariat...,, 0.000 ,0,, 0.000 ,,Drive Medical,
505,R-AMB-WLK-JR,G30756P,Standard Folding Walker - Junior...,, 1.000 ,0,,-1.000 ,,Medline Canada Corp.,
505,R-AMB-WLK-P,R-AMB-WLK-P,Pediatric and Toddler Walker - S...,, 2.000 ,0,,-2.000 ,,,
510,R-ACCESS-ELAN,SRE-3050,Elan Stairlift (Monthly Rental)...,, 1.000 ,1,,-1.000 ,,Bruno Independent Living Aids Inc.(Acct# CAN-2027),
104,15301,15301,"Drive 42"" Bariatric Foam Mattress",, 0.000 ,0,, 0.000 ,,Drive Medical,
104,15970,15970,Gravity 9 Premium Long Term Care...,, 0.000 ,0,, 0.000 ,,Drive Medical,
104,A3680-R5U,A3680-R5U,Bariatric High Density Foam with...,, 0.000 ,0,, 0.000 ,,Permobil Canada,
104,A3680B,A3680B,Bariatric High Density Foam with...,, 0.000 ,0,, 0.000 ,,Permobil Canada,
104,AD3680,AD3680,Adapt w/ SRT - 3 Movable Gelflex...,, 0.000 ,0,, 0.000 ,,Permobil Canada,
104,AD3680-R5U,AD3680-R5U,Adapt w/ SRT - 3 Movable Gelflex...,, 0.000 ,0,, 0.000 ,,Permobil Canada,
104,ARM415LF90200,ARM415LF90200,Vicair Academy Mattress 415 with...,, 0.000 ,0,, 0.000 ,,Permobil Canada,
104,G1MFD3680,G1MFD3680,G1 Dual Zone Memory Foam Mattres...,, 0.000 ,0,, 0.000 ,,Blake Medical Distribution,
104,G1MFS3680,G1MFS3680,G1 Single Zone Memory Foam Mattr...,, 0.000 ,0,, 0.000 ,,Blake Medical Distribution,
104,G2MF3680,G2MF3680,G2 Memory Foam Mattress 36”W x...,, 0.000 ,0,, 0.000 ,,Blake Medical Distribution,
104,G33680,G33680,"Blake Geo-Matrix G3 mattress 36""...",, 0.000 ,0,, 0.000 ,,Blake Medical Distribution,
104,LS7000,LS7000,LTC 7000  mattress 36x80x6 w low...,, 1.000 ,0,,-1.000 ,,BFF Foam Corp.,
104,LTC2500-60,LTC2500-60,LTC 2500 Basic Comfort Mattress...,, 0.000 ,0,, 0.000 ,,BFF Foam Corp.,
104,LTC3500-60,LTC3500-60,LTC 3500 Active Care Mattress w/...,, 1.000 ,0,,-1.000 ,,BFF Foam Corp.,
104,LTC3500-90,LTC3500-90,LTC 3500 Active Care Mattress w/...,, 0.000 ,0,, 0.000 ,,BFF Foam Corp.,
104,LTC3500-CUS,LTC3500-CUS,LTC 3500 Active Care Mattress w/...,, 0.000 ,0,, 0.000 ,,BFF Foam Corp.,
104,LTC4000S-60,LTC4000S-60,LTC 4000 Plus with incontinent c...,, 0.000 ,0,, 0.000 ,,BFF Foam Corp.,
104,LTC4000S-U55-20,LTC4000S-U55-20,LTC 4000 Ultra 55 Mattress w/ Gr...,, 0.000 ,0,, 0.000 ,,BFF Foam Corp.,
104,LTC4000S-U55-60-HME,LTC4000S-U55-60-HME,LTC 4000 Ultra 55 Mattress w/Gre...,, 1.000 ,0,,-1.000 ,,BFF Foam Corp.,
104,LTC8000-90,LTC8000-90,LTC 8000 Gel-In Mattress w/ inco...,, 0.000 ,0,, 0.000 ,,BFF Foam Corp.,
104,LTCAIS-TS-60,LTCAIS-TS-60,LTC 9200 TStyle Mattress w/ inco...,, 0.000 ,0,, 0.000 ,,BFF Foam Corp.,
104,LTCAISQ-60,LTCAISQ-60,LTC 9100 Intensive Care Quad Ins...,, 0.000 ,0,, 0.000 ,,BFF Foam Corp.,
104,LTCAP6SQ-001,LTCAP6SQ-001,LTC 9000 CUSTOM Bariatric Uretha...,, 0.000 ,0,, 0.000 ,,BFF Foam Corp.,
104,LTCUB-80,LTCUB-80,LTC Ultra Bariatric Mattress w/...,, 0.000 ,0,, 0.000 ,,BFF Foam Corp.,
104,MATTSECT1610,MATTSECT1610,"19"" x 30"" ROHO Neoprene Mattress...",, 15.000 ,0,,-15.000 ,,Permobil Canada,
104,MATTSECT3400,MATTSECT3400,"Roho Neoprene Section (19"" x 34""...",, 28.000 ,0,,-28.000 ,,Permobil Canada,
104,RP-2134,RP-2134,"ROHO Leveling Pads 21"" x 34""",, 4.000 ,0,,-4.000 ,,Permobil Canada,
104,SRS2080,SRS2080,SoftForm Glissando Sliding mattr...,, 0.000 ,0,, 0.000 ,,Invacare Canada Ltd.,
106,108006-99-0,108006-99-0,M1 Base - SPO,, 0.000 ,0,, 0.000 ,,Permobil Ltd.,
106,109052-99-0,109052-99-0,M3 Base Corpus - M3 MPO,, 0.000 ,0,, 0.000 ,,Permobil Ltd.,
106,109053-99-0,109053-99-0,M5 Base Corpus - M5 MPO,, 0.000 ,0,, 0.000 ,,Permobil Ltd.,
106,11215,11215,M1 Base - NPO,, 0.000 ,0,, 0.000 ,,Permobil Ltd.,
106,172PC67,172PC67,Quickie QM710 Power Wheelchair,, 0.000 ,0,, 0.000 ,,Sunrise Medical,
106,400PC295,400PC295,Quickie Q300 M SPLC Single Power...,, 0.000 ,0,, 0.000 ,,Sunrise Medical,
106,888WNLEA3-RNET58,888WNLEA3-RNET58,ROVI A3 5.8 MPH QUICK SPEED MOTOR,, 0.000 ,0,, 0.000 ,,Motion Concepts Canada,
106,888WNLEX3-RNET58,888WNLEX3-RNET58,ROVI X3 5.8 mph Quick Speed Moto...,, 0.000 ,0,, 0.000 ,,Motion Concepts Canada,
106,888WNLEX3-RNET62,888WNLEX3-RNET62,ROVI X3 6.2 mph Quick Speed Moto...,, 0.000 ,0,, 0.000 ,,Motion Concepts Canada,
106,888WNLEX3-VR2,888WNLEX3-VR2,ROVI x3 5.0 MPH Powerchair (BASE),, 0.000 ,0,, 0.000 ,,Motion Concepts Canada,
106,A0200534,A0200534,Quickie Q50 R Carbon Power Chair...,, 0.000 ,0,, 0.000 ,,Sunrise Medical,
106,ATM3,ATM3,AllTrack M3 Power Wheelchair,, 0.000 ,0,, 0.000 ,,Amylior Inc,
106,ATM3-3HD,ATM3-3HD,All Track M3 Power Wheelchair HD...,, 0.000 ,0,, 0.000 ,,Amylior Inc,
106,ATR3-3HD-MP,ATR3-3HD-MP,ALLTRACK R3 HD Power Wheelchair,, 0.000 ,0,, 0.000 ,,Amylior Inc,
106,Axis UL-8WSLA,Axis UL-8WSLA,Shoprider Axis Ultra Light Power...,, 0.000 ,0,, 0.000 ,,Eclipse Medical Inc,
106,FJPTBK1700,FJPTBK1700,Pride Folding Jazzy Passport Pow...,, 0.000 ,0,, 0.000 ,,Pride Mobility Products,
106,GoChair,GoChair,Pride GO-CHAIR Compact Transport...,, 0.000 ,0,, 0.000 ,,Pride Mobility Products,
106,Jazzy Carbon,JAZZY CARBON,Jazzy Carbon Power Chair – inc...,, 0.000 ,0,, 0.000 ,,Pride Mobility Products,
106,P424L,P424L,"Shoprider Navigator P424L 14"" Mi...",, 0.000 ,0,, 0.000 ,,Eclipse Medical Inc,
106,P424M,P424M,"Shoprider Navigator P424M 10"" Mi...",, 0.000 ,0,, 0.000 ,,Eclipse Medical Inc,
106,Q4,Q4,Quantum Q4 Powerchair - Base. 30...,, 0.000 ,0,, 0.000 ,,Pride Mobility Products,
106,Q6 EDGE 2.0 3MP-SS,Q6 EDGE 2.0 3MP-SS,Quantum Q6 Edge 2.0 Multiple act...,, 0.000 ,0,, 0.000 ,,Pride Mobility Products,
106,Q6 EDGE 3 STRETTO,Q6 EDGE 3 STRETTO,Quantum Q6 Edge 3 Stretto 3S-SS,, 0.000 ,0,, 0.000 ,,Pride Mobility Products,
106,Q6EdgeHD,Q6EdgeHD,Q6 Edge HD Power Chair,, 0.000 ,0,, 0.000 ,,Pride Mobility Products,
106,Quantum Q6 Edge,Quantum Q6 Edge,Quantum Q6 Edge Power Wheelchair,, 0.000 ,0,, 0.000 ,,Pride Mobility Products,
106,SRX-20,SRX-20,Aviva Storm RX-20 Base with Ultr...,, 0.000 ,0,, 0.000 ,,Motion Concepts Canada,
106,Spyder P326A,Spyder P326A,"Eclipse Spyder 10"" Mid-Wheel Pow...",, 0.000 ,0,, 0.000 ,,Eclipse Medical Inc,
106,TDXSP(Base),TDXSP(Base),TDX SP Base w. MK6i Controls (Base),, 0.000 ,0,, 0.000 ,,Motion Concepts Canada,
106,TDXSP2,TDXSP2,TDX-SP2 Base,, 0.000 ,0,, 0.000 ,,Motion Concepts Canada,
106,TDXSP2HD,TDXSP2HD,TDX-SP2 HD Base,, 0.000 ,0,, 0.000 ,,Motion Concepts Canada,
106,VBSND,VBSND,Velox Base (includes Transit Tie...,, 0.000 ,0,, 0.000 ,,Velox Manufacturing Inc.,
106,WM0001081,WM0001081,Smart Drive System - fits rigid...,, 0.000 ,0,, 0.000 ,,Permobil SmartDrive,
106,ZMAXSD1,ZMAXSD1,Permobil Smart Drive MX2+,, 0.000 ,0,, 0.000 ,,TiLite,
109,700-938,700-938,"Airgo 18"" Fusion Side-Folding Ro...",, 0.000 ,0,, 0.000 ,,Drive Medical,
109,796,796,Knee Cycle Deluxe,, 0.000 ,0,, 0.000 ,,Drive Medical,
109,HC-7100270,HC-7100270,Gemino 30 M Parkinson - Sliver Grey,, 0.000 ,0,, 0.000 ,,Sunrise Medical,
112,108999-99-0,108999-99-0,"Permobil Batteries, Grp 24 AM Gel",, 0.000 ,0,, 0.000 ,,Permobil Canada,
112,109183-99-0,109183-99-0,"Permobil Batteries, Grp 34 AGM G...",, 0.000 ,0,, 0.000 ,,Permobil Ltd.,
112,12V-12,12V-12,12V-12 AH SLA Non Spillable Battery,, 2.000 ,0,,-2.000 ,,EAST PENN Canada,
112,12V-18,12V-18,12V-18 AH Battery,, 4.000 ,0,,-4.000 ,,EAST PENN Canada,
112,12V-2.2,12V-2.2,12V-2.2 AH Battery for BHM V3 Mo...,, 26.000 ,0,,-26.000 ,,EAST PENN Canada,
112,12V-2.3AH,12V-2.3AH,12V-2.3 AH Battery (EastPenn) -...,, 25.000 ,0,,-25.000 ,,EAST PENN Canada,
112,12V-20,12V-20,12V-20 AH SLA Non Spillable Battery,, 6.000 ,0,,-6.000 ,,EAST PENN Canada,
112,12V-40,12V-40,12V-40 AH SLA Batteries,, 0.000 ,0,, 0.000 ,,EAST PENN Canada,
112,12V-5AH,12V-5AH,12V-5AH Battery,, 35.000 ,0,,-35.000 ,,EAST PENN Canada,
112,12V-7,12V-7,12V-7 AH Battery for Bruno Elite...,, 8.000 ,0,,-8.000 ,,EAST PENN Canada,
112,12V-9,12V-9,12V - 9AH Battery,, 13.000 ,0,,-13.000 ,,EAST PENN Canada,
112,12v-2.9,12v-2.9,12V-2.9 AH Battery for Reliant a...,, 10.000 ,0,,-10.000 ,,EAST PENN Canada,
112,12v-3.4,12v-3.4,12V-3.4 AH Battery for Bruno Elan,, 14.000 ,0,,-14.000 ,,EAST PENN Canada,
112,12v-35A,12V-35A,12v-35A for VPL,, 0.000 ,0,, 0.000 ,,EAST PENN Canada,
112,12v-50,12v-50,East Penn 12v-50 AH,, 5.000 ,0,,-5.000 ,,EAST PENN Canada,
112,22NFBATTERY,22NFBATTERY,22 NF Battery (On Chair) for Mot...,, 0.000 ,0,, 0.000 ,,Motion Concepts Canada,
112,24BATTERY,24BATTERY,24 Gel Battery (On Chair) for Mo...,, 0.000 ,0,, 0.000 ,,Motion Concepts Canada,
112,8G22NF,8G22NF,GROUP 22 12V  Non Spillable Gel...,, 2.000 ,0,,-2.000 ,,EAST PENN Canada,
112,8G24SS,8G24SS,GROUP 24 12V73.6AH - Non Spillab...,, 4.000 ,0,,-4.000 ,,EAST PENN Canada,
112,8G24T881,8G24T881,GROUP 24 12V73.6AH - Non Spillab...,, 2.000 ,0,,-2.000 ,,EAST PENN Canada,
112,8G34R,8G34R,34-Gel sealed valve reg'd 12V-60AH,, 2.000 ,0,,-2.000 ,,EAST PENN Canada,
112,8GU1,8GU1,U1 12V  31.6 AH Non Spillable Ge...,, 2.000 ,0,,-2.000 ,,EAST PENN Canada,
112,BAT120002,BAT120002,12V- 25AH,, 0.000 ,0,, 0.000 ,,Pride Mobility Products,
112,BAT121346,BAT121346,"NF-22, AGM, MK Battery",, 0.000 ,0,, 0.000 ,,Pride Mobility Products,
112,BAT1704611-P,BAT1704611-P,"BATTERY PACKAGED INTERCEPTOR, GE...",, 0.000 ,0,, 0.000 ,,Pride Mobility Products,
112,BAT1704613,BAT1704613,"NF-22, Gel Cell, Interceptor Bat...",, 0.000 ,0,, 0.000 ,,Pride Mobility Products,
112,BAT1704613-P,BAT1704613-P,"BATTERY PACKAGED INTERCEPTOR, GE...",, 0.000 ,0,, 0.000 ,,Pride Mobility Products,
112,BAT1704614-P,BAT1704614-P,"BATTERY PACKAGED INTERCEPTOR, GE...",, 0.000 ,0,, 0.000 ,,Pride Mobility Products,
112,BAT1708797-P,BAT1708797-P,"BATTERY PACKAGED INTERCEPTOR, GE...",, 0.000 ,0,, 0.000 ,,Pride Mobility Products,
112,BAT2004376,BAT2004376,"NF-22, Gel Cell, Interceptor 2 B...",, 0.000 ,0,, 0.000 ,,Pride Mobility Products,
112,BATGEL1008,BATGEL1008,"NF-22, Gel Cell, MK Battery (Each)",, 0.000 ,0,, 0.000 ,,Pride Mobility Products,
112,BATGEL1009,BATGEL1009,"Group 24, 75AH Gel Cell, MK Battery",, 0.000 ,0,, 0.000 , 2.000 ,Pride Mobility Products,
112,DCM0035,DCM0035,U1 12V 35AH Battery,, 6.000 ,0,,-6.000 ,,Interstate Battery System of BC,
112,DCM0055,DCM0055,GROUP 22 NF 55AH Interstate Batt...,, 16.000 ,0,,-16.000 ,,Interstate Battery System of BC,
119,116302HME,116302HME,Signature Series - HME HighStar...,, 5.000 ,0,,-5.000 ,,HighStar Healthcare Inc.,
119,416401,416401,Folding threshold ramp 510 x 660...,, 0.000 ,0,, 0.000 ,,Axsol,
119,416403,416403,HME Signature Series - Airlite F...,, 19.000 ,0,,-19.000 ,,Axsol,
119,GDSQUARED - 1414,GDSQUARED - 1414,Signature Series - Gel Cushion 1...,, 0.000 ,0,, 0.000 ,,Physipro,
119,GDSQUARED - 1616,GDSQUARED - 1616,Signature Series - Gel Cushion 1...,, 5.000 ,0,,-5.000 ,,Physipro,
119,GDSQUARED - 1618,GDSQUARED - 1618,Signature Series - Gel Cushion 1...,, 5.000 ,0,,-5.000 ,,Physipro,
119,GDSQUARED - 1816,GDSQUARED - 1816,Signature Series - Gel Cushion 1...,, 4.000 ,0,,-4.000 ,,Physipro,
119,GDSQUARED - 1818,GDSQUARED - 1818,Signature Series - Gel Cushion 1...,, 9.000 ,0,,-9.000 ,,Physipro,
119,GDSQUARED - 1820,GDSQUARED - 1820,Signature Series - Gel Cushion 1...,, 3.000 ,0,,-3.000 ,,Physipro,
119,GDSQUARED - 2018,GDSQUARED - 2018,Signature Series - Gel Cushion 2...,, 3.000 ,0,,-3.000 ,,Physipro,
119,GDSQUARED - 2020,GDSQUARED - 2020,Signature Series - Gel Cushion 2...,, 5.000 ,0,,-5.000 ,,Physipro,
119,GDSQUARED - 2218,GDSQUARED - 2218,Signature Series - Gel Cushion 2...,, 2.000 ,0,,-2.000 ,,Physipro,
119,GDSQUARED - 2220,GDSQUARED  2220,Signature Series - Gel Cushion 2...,, 4.000 ,0,,-4.000 ,,Physipro,
119,GDSQUARED - 2222,GDSQUARED-2222,Signature Series - Gel Cushion 2...,, 2.000 ,0,,-2.000 ,,Physipro,
119,HMECOHO-20,HMECOHO-20,Signature Series - 42” Coho Ba...,, 5.000 ,0,,-5.000 ,,BFF Foam Corp.,
119,HMECOHO-20CVR,HMECOHO-20CVR,HME COHO MATTRESS COVER ONLY - G...,, 0.000 ,0,, 0.000 ,,BFF Foam Corp.,
119,HMEDOVE,HMEDOVE,Signature Series - HME Dove Low...,, 3.000 ,3,,-3.000 ,,Evergreen Medical Products,
119,HMEGELEFISH-355,HMEGELEFISH-355,Signature Series - HME GELEFISH...,, 9.000 ,0,,-9.000 ,,BFF Foam Corp.,
119,HMESWAN,HMESWAN,HME Signature Series – HME Swa...,, 8.000 ,8,,-8.000 ,,Evergreen Medical Products,
119,LTC9000-50/60CVR-HME,LTC9000-50/60CVR-HME,LTC 9000 GREY HME PROGRESSIVE CA...,, 10.000 ,0,,-10.000 ,,BFF Foam Corp.,
119,LTCAP6SQ4G-60,LTCAP6SQ4G-60,Signature Series - HME LTC 9000...,, 12.000 ,0,,-12.000 ,,BFF Foam Corp.,
119,LUNA-60,LUNA-60,Signature Series - HME Luna Matt...,, 9.000 ,0,,-9.000 ,,BFF Foam Corp.,
119,LUNA-60CVR,LUNA-60CVR,LUNA MATTRESS COVER ONLY - GREY...,, 5.000 ,0,,-5.000 ,,BFF Foam Corp.,
119,NSSQUARED - 1414,NSSQUARED-1414,Signature Series - Foam Cushion...,, 0.000 ,0,, 0.000 ,,Physipro,
119,NSSQUARED - 1616,NSSQUARED - 1616,Signature Series - Foam Cushion...,, 10.000 ,0,,-10.000 ,,Physipro,
119,NSSQUARED - 1618,NSSQUARED - 1618,Signature Series - Foam Cushion...,, 3.000 ,0,,-3.000 ,,Physipro,
119,NSSQUARED - 1816,NSSQUARED - 1816,Signature Series - Foam Cushion...,, 8.000 ,0,,-8.000 ,,Physipro,
119,NSSQUARED - 1818,NSSQUARED - 1818,Signature Series - Foam Cushion...,, 3.000 ,0,,-3.000 ,,Physipro,
119,NSSQUARED - 1820,NSSQUARED - 1820,Signature Series - Foam Cushion...,, 1.000 ,0,,-1.000 ,,Physipro,
119,NSSQUARED - 2018,NSSQUARED - 2018,Signature Series - Foam Cushion...,, 3.000 ,0,,-3.000 ,,Physipro,
119,NSSQUARED - 2020,NSSQUARED - 2020,Signature Series - Foam Cushion...,, 10.000 ,0,,-10.000 ,,Physipro,
119,NSSQUARED - 2218,NSSQUARED - 2218,Signature Series - Foam Cushion...,, 2.000 ,0,,-2.000 ,,Physipro,
119,NSSQUARED - 2220,NSSQUARED  2220,Signature Series - Foam Cushion...,, 1.000 ,0,,-1.000 ,,Physipro,
119,NSSQUARED - 2222,NSSQUARED-2222,Signature Series - Foam Cushion...,, 3.000 ,0,,-3.000 ,,Physipro,
119,OTTER-60,OTTER-60,Signature Series - HME Otter Mat...,, 2.000 ,0,,-2.000 ,,BFF Foam Corp.,
119,OTTER-60CVR,OTTER-60CVR,OTTER GREY HME EMERSION (ALL-WAY...,, 5.000 ,0,,-5.000 ,,BFF Foam Corp.,
119,S5450-0808,S5450-0808,Signature Series – Bumblebee C...,, 0.000 ,0,, 0.000 ,,Physipro,
119,S5450-1010,S5450-1010,Signature Series – Bumblebee C...,, 12.000 ,0,,-12.000 ,,Physipro,
119,S5450-1012,S5450-1012,Signature Series – Bumblebee C...,, 0.000 ,0,, 0.000 ,,Physipro,
119,S5450-1113,S5450-1113,Signature Series – Bumblebee C...,, 0.000 ,0,, 0.000 ,,Physipro,
119,S5450-1212,S5450-1212,Signature Series – Bumblebee C...,, 7.000 ,0,,-7.000 ,,Physipro,
119,S5450-1214,S5450-1214,Signature Series – Bumblebee C...,, 0.000 ,0,, 0.000 ,,Physipro,
119,S5450-1414,S5450-1414,Signature Series – Bumblebee C...,, 12.000 ,0,,-12.000 ,,Physipro,
200,A9MRLVG35080TCS,633038CA,"AtmosAir 9000X Hybrid ARM™, Da...",, 0.000 ,0,, 0.000 ,,Arjo Canada Inc.,
200,RHYTHM MULTI 36,RHYTHM MULTI 36,"Blake Rhythm Multi 36""W x 80""L x...",, 0.000 ,0,, 0.000 ,,Blake Medical Distribution,
200,RHYTHUM,RHYTHUM,Rhythm Multi Low Air Loss Mattre...,, 0.000 ,0,, 0.000 ,,Blake Medical Distribution,
200,RHYTHUMTURN,RHYTHUMTURN,Blake Rhythm Turn Low Air Loss M...,, 0.000 ,0,, 0.000 ,,Blake Medical Distribution,
200,SALUTERDX,SALUTERDX,Blake Low Air Loss Mattress - Sa...,, 0.000 ,0,, 0.000 ,,Blake Medical Distribution,
200,SAMAXSYSK004,SAMAXSYSK004,SelectAir MAX Low Air Loss Mattr...,, 0.000 ,0,, 0.000 ,,Permobil Canada,
200,SY-QHI0016-OA,SY-QHI0016-OA,"OpalAir System, 36"" x 80""",, 0.000 ,0,, 0.000 ,,Evergreen Medical Products,
300,087WM70,087WM70,Folding Growing Zippie GS Pediat...,, 0.000 ,0,, 0.000 ,,Sunrise Medical,
300,121WM84,121WM84,X'cape - Manual Wheelchair w. Tr...,, 0.000 ,0,, 0.000 ,,Sunrise Medical,
300,121WM87,121WM87,X'cape - Manual Wheelchair w. Tr...,, 0.000 ,0,, 0.000 ,,Sunrise Medical,
300,1701000,1701000,Fuze Jr 50 Deg. Pediatric Manual...,, 0.000 ,0,, 0.000 ,,PDG Product Design Group Inc.,
300,188WM48,188WM48,Zippie Iris Tilt Wheelchair - Ba...,, 0.000 ,0,, 0.000 ,,Sunrise Medical,
300,9JYLT,9JYLT,9000 Jymni Light wheelchair,, 6.000 ,6,,-6.000 ,,Invacare Canada Ltd.,
300,ARC,ARC,Little Wave Arc XP - Folding Base,, 0.000 ,0,, 0.000 ,,Ki Mobility,
300,CLIK XP,CLIK XP,Ki Mobility Little Wave Clik XP,, 0.000 ,0,, 0.000 ,,Ki Mobility,
300,LittleWaveFlip,LittleWaveFlip,Little Wave Flip XP Folding Base...,, 0.000 ,0,, 0.000 ,,Ki Mobility,
300,LittleWaveXP,LittleWaveXP,Little Wave XP Manual Chair,, 0.000 ,0,, 0.000 ,,Ki Mobility,
300,NXT-30301,NXT-30301,NXT Pediatric Folding Manual Whe...,, 0.000 ,0,, 0.000 ,,Invacare Canada Ltd.,
300,TWFS2,TWFS2,Tilite Twist Rigid Manual Wheelc...,, 0.000 ,0,, 0.000 ,,TiLite,
300,WB1200-2GFR,WB1200-2GFR,Wallaby pediatric folding chair...,, 0.000 ,0,, 0.000 ,,Drive Medical,
300,WB1400-2GJB,WB1400-2GJB,Wallaby pediatric folding chair...,, 0.000 ,0,, 0.000 ,,Drive Medical,
301,AB-BS1414,AB-BS1414,Acta Back 14 x 14,, 0.000 ,0,, 0.000 ,,Permobil Canada,
301,ABD5-BS12W14L,ABD5-BS12W14L,"Acta-Back Deep with 5"" Laterals...",, 0.000 ,0,, 0.000 ,,Permobil Canada,
301,CSS-2401L,CSS-2401L,Drive Spirit Car Seat - Large wi...,, 0.000 ,0,, 0.000 ,,Drive Medical,
301,E2S1416,E2S1416,"Matrx E2 - 14"" W x 16"" D",, 0.000 ,0,, 0.000 ,,Motion Concepts Canada,
301,JZIPB12T,JZIPB12T,Jay Zip Backrest - JZIPB12T,, 0.000 ,0,, 0.000 ,,Sunrise Medical,
301,JZIPB12X,JZIPB12X,"Jay Zip Backrest 12"" W",, 0.000 ,0,, 0.000 ,,Sunrise Medical,
301,JZIPB14X,JZIPB14X,Jay Zip Backrest - JZIPB14X,, 0.000 ,0,, 0.000 ,,Sunrise Medical,
301,KA1212,KA1212,"Kidabra Cushion 12"" x 12""",, 0.000 ,0,, 0.000 ,,Motion Concepts Canada,
301,KA1414-Vi,KA1414-VI,"Matrx Kidabra Vi Cushion - 14""x14""",, 1.000 ,0,,-1.000 ,,Motion Concepts Canada,
301,MINI1010,MINI1010,"Matrx Mini Back (Contour: 3"", Ki...",, 0.000 ,0,, 0.000 ,,Motion Concepts Canada,
301,MINI1212,MINI1212,"Matrx Mini Back (Contour: 3"", Ki...",, 0.000 ,0,, 0.000 ,,Motion Concepts Canada,
301,NHAACB (L) 1413/17,NHAACB (L) 1413/17,NXT Xtend Low Height Adjustable...,, 0.000 ,0,, 0.000 ,,Dynamic Health Care Solutions,
301,NHAPCB (L) 1413/17,NHAPCB (L) 1413/17,NXT Xtend Low Deep Height Adjust...,, 0.000 ,0,, 0.000 ,,Dynamic Health Care Solutions,
301,NVMAPSB14,NVMAPSB14,NXT Armadillo Backrest with Vica...,, 0.000 ,0,, 0.000 ,,Permobil Canada,
301,PBE1414,PBE1414,"Matrx Posture Back ELITE - 14"" x...",, 0.000 ,0,, 0.000 ,,Motion Concepts Canada,
301,PBE1416,PBE1416,"Matrx Posture Back ELITE - 14"" x...",, 0.000 ,0,, 0.000 ,,Motion Concepts Canada,
301,S2256-,S2256-,Resolve Cushion with Lateral and...,, 1.000 ,0,,-1.000 ,,Physipro,
301,S2258-,S2258-,Low Profile Resolve Cushion with...,, 0.000 ,0,, 0.000 ,,Physipro,
301,SAVANT-P,SAVANT-P,Pediatric Savant Headrest - Pedi...,, 0.000 ,0,, 0.000 ,,Westech Health Care Ltd.,
301,XP1414,XP1414,"Axiom P 14""x14"" Cushion",, 0.000 ,0,, 0.000 ,,Ki Mobility,
302,005BS9,005BS9,Zippie Voyage w/ Tilt INC Seat Mod,, 0.000 ,0,, 0.000 ,,Sunrise Medical,
302,019-00014-JH,019-00014-JH,Synetik Vertiflex Abduction Supi...,, 0.000 ,0,, 0.000 ,,Synetik Ergocare,
302,019-00014-JS,019-00014-JS,Vertiflex 60 A3 Supine..Includes...,, 0.000 ,0,, 0.000 ,,Synetik Ergocare,
302,019-00014-KH,019-00014-KH,Veriflex 60 A2 Hybrid..Includes:...,, 0.000 ,0,, 0.000 ,,Synetik Ergocare,
302,019-00014-KS,019-00014-KS,Vertiflex 60 A2 Supine..Includes...,, 0.000 ,0,, 0.000 ,,Synetik Ergocare,
302,019-00083-KH-A,019-00083-KH-A,Hybrid A2 Starter Kit,, 0.000 ,0,, 0.000 ,,Synetik Ergocare,
302,122FT17,122FT17,Size 1 MyWay+ Frame,, 0.000 ,0,, 0.000 ,,Sunrise Medical,
302,122FT18,122FT18,Size 2 MyWay+ Frame,, 0.000 ,0,, 0.000 ,,Sunrise Medical,
302,122FT19,122FT19,Size 3 MyWay+ Frame,, 0.000 ,0,, 0.000 ,,Sunrise Medical,
302,130-600,130-600,"Early Activity System, complete",, 0.000 ,0,, 0.000 ,,Sunrise Medical,
302,143-1600,143-1600,Size 1 Mygo Stander..Includes: M...,, 0.000 ,0,, 0.000 ,,Sunrise Medical,
302,143-2600,143-2600,Size 2 Mygo Stander ..Includes:...,, 0.000 ,0,, 0.000 ,,Sunrise Medical,
302,151-6102,151-6102,"Everyday Activity Seat, size 1 S...",, 0.000 ,0,, 0.000 ,,Sunrise Medical,
302,173-2600,173-2600,MyWay Frame - Size 2,, 0.000 ,0,, 0.000 ,,Sunrise Medical,
302,173-3600,173-3600,MyWay Frame - Size 3,, 0.000 ,0,, 0.000 ,,Sunrise Medical,
302,184-600,184-600,Squiggles Standard Model with Su...,, 0.000 ,0,, 0.000 ,,Sunrise Medical,
302,3302-0000E-004,3302-0000E-004,Flux Pediatric Posterior Walker...,, 0.000 ,0,, 0.000 ,,R & M Health Care Inc.,
302,3303-0000E-005,3303-0000E-005,Flux Pediatric Posterior Walker...,, 0.000 ,0,, 0.000 ,,R & M Health Care Inc.,
302,3313-000E-021,3313-000E-021,Flux Pediatric Posterior Walker...,, 0.000 ,0,, 0.000 ,,R & M Health Care Inc.,
302,3414,3414,Kidwalk II Dynamic Mobilty Syste...,, 0.000 ,0,, 0.000 ,,Permobil Canada,
302,62000000,62000000,Jogger,, 0.000 ,0,, 0.000 ,,Ki Mobility Canada LTD,
302,63000000,63000000,EIO Push Chair,, 0.000 ,0,, 0.000 ,,Ki Mobility,
302,67010100,67010100,Out and About Seat (includes fab...,, 0.000 ,0,, 0.000 ,,Ki Mobility Canada LTD,
302,860113-FP,860113-FP,"Caribou Base w/2-Piece Footrest,...",, 0.000 ,0,, 0.000 ,,R82 Inc.,
302,8622220-00,8622220-00,"Rabbit-up Stander, Blue, size 2",, 0.000 ,0,, 0.000 ,,R82 Inc.,
302,8622226-21,8622226-21,"Rabbit 32"" Wheels, blue",, 0.000 ,0,, 0.000 ,,R82 Inc.,
302,8623220-00,8623220-00,"Rabbit-up Stander,  Grey, size 3",, 0.000 ,0,, 0.000 ,,R82 Inc.,
302,8623226-21,8623226-21,"Rabbit 32"" Wheels, grey",, 0.000 ,0,, 0.000 ,,R82 Inc.,
302,86400,86400,Pony Walking Aid - Yellow - Size...,, 0.000 ,0,, 0.000 ,,R82 Inc.,
302,86801,86801,"Crocdile gait trainer, yellow, s...",, 0.000 ,0,, 0.000 ,,R82 Inc.,
302,86802,86802,"Crocdile gait trainer, orange, s...",, 0.000 ,0,, 0.000 ,,R82 Inc.,
302,86803,86803,"Crocodile gait trainer, metallic...",, 0.000 ,0,, 0.000 ,,R82 Inc.,
302,86852,86852,"Crocodile gait trainer, black, s...",, 0.000 ,0,, 0.000 ,,R82 Inc.,
302,869011,869011,"Mustang Walker - Yellow - 4"" Cas...",, 0.000 ,0,, 0.000 ,,R82 Inc.,
302,869015,869015,"Mustang, size 1, yellow, 8"" casters",, 0.000 ,0,, 0.000 ,,R82 Inc.,
302,869024,869024,Mustang Walker - White - Size 2...,, 0.000 ,0,, 0.000 ,,R82 Inc.,
302,869025-4,869025-4,Mustang Walker - White - Size 2...,, 0.000 ,0,, 0.000 ,,R82 Inc.,
302,869033,869033,Mustang Walker - Red - Size 3 -...,, 0.000 ,0,, 0.000 ,,R82 Inc.,
302,869042,869042,Mustang Walker - Grey - Size 4 -...,, 0.000 ,0,, 0.000 ,,R82 Inc.,
302,870011-1R,870011-1R,"Meerkat, Pastel Blue, Size 1 - s...",, 0.000 ,0,, 0.000 ,,R82 Inc.,
302,870022-R,870022-R,"Meerkat, Grey, Size 2 - size 2 p...",, 0.000 ,0,, 0.000 ,,R82 Inc.,
302,8724212,8724212,"R82 Stingray, Solid Tires, Indiv...",, 0.000 ,0,, 0.000 ,,R82 Inc.,
302,8724222,8724222,"Stingray with Solid Tires, Centr...",, 0.000 ,0,, 0.000 ,,R82 Inc.,
302,88010-2,88010-2,Gazelle PS Stander - Size 2 -Gre...,, 0.000 ,0,, 0.000 ,,R82 Inc.,
302,88010-3,88010-3,Gazelle PS Stander - Size 3 - Bl...,, 1.000 ,1,,-1.000 ,,R82 Inc.,
302,880102,880102,"Flamingo Seat and Back, gray, si...",, 0.000 ,0,, 0.000 ,,R82 Inc.,
302,880103,880103,"Flamingo Seat and Back, gray, si...",, 0.000 ,0,, 0.000 ,,R82 Inc.,
302,880413,880413,Flamingo High-Low Frame with Foo...,, 0.000 ,0,, 0.000 ,,R82 Inc.,
302,882005,882005,"Manatee, size 0, blue",, 0.000 ,0,, 0.000 ,,R82 Inc.,
302,882025,882025,"Manatee, size 2, blue",, 0.000 ,0,, 0.000 ,,R82 Inc.,
302,89020522,89020522,"Hi/Lo Size 2, gas, Indoor, BL",, 0.000 ,0,, 0.000 ,,R82 Inc.,
302,89040522,89040522,Hi/Lo Size 1 - Indoor,, 0.000 ,0,, 0.000 ,,R82 Inc.,
302,8911872-20,8911872-20,"High-Low: v Indoor Frame, size 1...",, 0.000 ,0,, 0.000 ,,R82 Inc.,
302,900145,900145,Cruiser CX16,, 0.000 ,0,, 0.000 ,,"Convaid Products, LLC",
302,900301,900301,EZ Rider size 14,, 0.000 ,0,, 0.000 ,,"Convaid Products, LLC",
302,900351,900351,EZ Rider EZ18,, 0.000 ,0,, 0.000 ,,"Convaid Products, LLC",
302,900490,900490,Cruiser CX14,, 0.000 ,0,, 0.000 ,,"Convaid Products, LLC",
302,900860,900860,EZ Rider size 12,, 0.000 ,0,, 0.000 ,,"Convaid Products, LLC",
302,900996,900996,EZ Rider size 16,, 0.000 ,0,, 0.000 ,,"Convaid Products, LLC",
302,901335,901335,Convaid Metro ME16,, 0.000 ,0,, 0.000 ,,"Convaid Products, LLC",
302,901402,901402,Convaid Metro ME12,, 0.000 ,0,, 0.000 ,,"Convaid Products, LLC",
302,902594,902594,Cruiser CX18,, 0.000 ,0,, 0.000 ,,"Convaid Products, LLC",
302,903134,903134,Rodeo RD16,, 0.000 ,0,, 0.000 ,,"Convaid Products, LLC",
302,991051-2CR43F,991051-2CR43F,"Scallop Grey/Green, size 2",, 0.000 ,0,, 0.000 ,,R82 Inc.,
302,APP-2000S-DX,APP-2000S-DX,"P Pod Support, S, Wipeable Dartex",, 0.000 ,0,, 0.000 ,,Drive Medical,
302,APP-3000M-DX,APP-3000M-DX,"P Pod Support, M, Wipeable Dartex",, 0.000 ,0,, 0.000 ,,Drive Medical,
302,AS2000,AS2000,Freedom Concepts Adventurer Bike...,, 0.000 ,0,, 0.000 ,,Freedom Concepts Inc,
302,BAFFINAUTOSIZE2,BAFFINAUTOSIZE2,Baffin Automatic - Size 2,, 1.000 ,1,,-1.000 ,,Liw Care Medical Devices Inc,
302,BAFFINAUTOSIZE3,BAFFINAUTOSIZE3,Baffin Automatic - Size 3,, 1.000 ,1,,-1.000 ,,Liw Care Medical Devices Inc,
302,BAFFINTRIOSIZE1,BAFFINTRIOSIZE1,Baffin Trio - Size 1,, 1.000 ,1,,-1.000 ,,Liw Care Medical Devices Inc,
302,BAFFINTRIOSIZE2,BAFFINTRIOSIZE2,Baffin Trio - Size 2,, 1.000 ,1,,-1.000 ,,Liw Care Medical Devices Inc,
302,C800121,C800121,Coaster CTR12,, 0.000 ,0,, 0.000 ,,"Convaid Products, LLC",
302,C800122,C800122,Coaster Transit CTR12T,, 0.000 ,0,, 0.000 ,,"Convaid Products, LLC",
302,C800123,C800123,Coaster Scout CTR12,, 0.000 ,0,, 0.000 ,,"Convaid Products, LLC",
302,C800124,C800124,Coaster Scout Transit CTR12T,, 0.000 ,0,, 0.000 ,,"Convaid Products, LLC",
302,C800141,C800141,Coaster CTR14,, 0.000 ,0,, 0.000 ,,"Convaid Products, LLC",
302,C800142,C800142,Coaster Transit CTR14T,, 0.000 ,0,, 0.000 ,,"Convaid Products, LLC",
302,C800143,C800143,Coaster Scout CTR14,, 0.000 ,0,, 0.000 ,,"Convaid Products, LLC",
302,C800144,C800144,Coaster Scout Transit CTR14T,, 0.000 ,0,, 0.000 ,,"Convaid Products, LLC",
302,C800161,C800161,Coaster CTR16,, 0.000 ,0,, 0.000 ,,"Convaid Products, LLC",
302,C800162,C800162,Coaster Transit CTR16T,, 0.000 ,0,, 0.000 ,,"Convaid Products, LLC",
302,C800163,C800163,Coaster Scout CTR16,, 0.000 ,0,, 0.000 ,,"Convaid Products, LLC",
302,C800164,C800164,Coaster Scout Transit CTR16T,, 0.000 ,0,, 0.000 ,,"Convaid Products, LLC",
302,C800181,C800181,Coaster CTR18,, 0.000 ,0,, 0.000 ,,"Convaid Products, LLC",
302,C800182,C800182,Coaster Transit CTR18T,, 0.000 ,0,, 0.000 ,,"Convaid Products, LLC",
302,C800183,C800183,Coaster ScoutCTR18,, 0.000 ,0,, 0.000 ,,"Convaid Products, LLC",
302,C800184,C800184,Coaster Scout Transit CTR18T,, 0.000 ,0,, 0.000 ,,"Convaid Products, LLC",
302,C902689,C902689,Convaid Rodeo Tilt RD12,, 0.000 ,0,, 0.000 ,,"Convaid Products, LLC",
302,C902691,C902691,Convaid Rodeo Tilt RD14,, 0.000 ,0,, 0.000 ,,"Convaid Products, LLC",
302,C903134,C903134,Convaid Rodeo Tilt RD16,, 0.000 ,0,, 0.000 ,,"Convaid Products, LLC",
302,C904340,C904340,Convaid Rodeo Tilt RD10,, 0.000 ,0,, 0.000 ,,"Convaid Products, LLC",
302,DCP 12,DCP 12,Freedom Concepts Discovery Bike...,, 0.000 ,0,, 0.000 ,,Freedom Concepts Inc,
302,DCP16,DCP16,Freedom Concepts Discovery Bike...,, 0.000 ,0,, 0.000 ,,Freedom Concepts Inc,
302,K105,K105,Mobile Stander (Medium),, 0.000 ,0,, 0.000 ,,Permobil Canada,
302,K302,K302,Rifton TRAM - Standard - Frame...,, 0.000 ,0,, 0.000 ,,Permobil Canada,
302,K621,K621,Rifton Dynamic Upper Frame Pacer...,, 0.000 ,0,, 0.000 ,,Permobil Canada,
302,K622,K622,"Upper Frame, standard, small for...",, 0.000 ,0,, 0.000 ,,Permobil Canada,
302,K631,K631,Rifton Dynamic Upper Frame for R...,, 0.000 ,0,, 0.000 ,,Permobil Canada,
302,K632,K632,"Upper Frame, standard, medium fo...",, 0.000 ,0,, 0.000 ,,Permobil Canada,
302,K641,K641,Rifton Dynamic Upper Frame Pacer...,, 0.000 ,0,, 0.000 ,,Permobil Canada,
302,K642,K642,Pacer Walker - Standard Frame -...,, 0.000 ,0,, 0.000 ,,Permobil Canada,
302,K651,K651,Rifton Dynamic Pacer Upper Frame...,, 0.000 ,0,, 0.000 ,,Permobil Canada,
302,K652,K652,Pacer Gait Trainer - XL - Standa...,, 0.000 ,0,, 0.000 ,,Permobil Canada,
302,KidWalk,KidWalk,KidWalk Dynamic Mobility System...,, 0.000 ,0,, 0.000 ,,Permobil Canada,
302,KidWalk II,KidWalk II,"KidWalk II - Seat Height 15""-28""",, 0.000 ,0,, 0.000 ,,Permobil Canada,
302,Kidwalk EI,Kidwalk EI,Kidwalk EI Dynamic Mobility Syst...,, 0.000 ,0,, 0.000 ,,Permobil Canada,
302,LFS/3-MB-EXP,LFS/3-MB-EXP,Size 3 Freestander - Mondeo Blue,, 0.000 ,0,, 0.000 ,,Sunrise Medical,
302,LORISIZE1,LORISIZE1,Lori Stander - Size 1,, 1.000 ,1,,-1.000 ,,Liw Care Medical Devices Inc,
302,LORISIZE2,LORISIZE2,Lori Stander - Size 2,, 1.000 ,1,,-1.000 ,,Liw Care Medical Devices Inc,
302,LORISIZE3,LORISIZE3,Lori Stander - Size 3,, 1.000 ,1,,-1.000 ,,Liw Care Medical Devices Inc,
302,PMSTB1,PMSTB1,Size 1 Mygo Stander Package - Bl...,, 0.000 ,0,, 0.000 ,,Sunrise Medical,
302,PMSTP2,PMSTP2,Size 2 Mygo Stander Package - Pi...,, 0.000 ,0,, 0.000 ,,Sunrise Medical,
302,PMWS1G,PMWS1G,MyWay Package with Size 2 Harnes...,, 0.000 ,0,, 0.000 ,,Sunrise Medical,
302,PNG50084-1,PNG50084-1,EasyStand Evolv Large,, 0.000 ,0,, 0.000 ,,Altimate Medical Inc.,
302,PNG50162-1,PNG50162-1,EasyStand Evolv Medium,, 0.000 ,0,, 0.000 ,,Altimate Medical Inc.,
302,PSPSTB,PSPSTB,Squiggles Plus Stander Package -...,, 0.000 ,0,, 0.000 ,,Sunrise Medical,
302,PSPSTP,PSPSTP,Squiggles Plus Stander Package -...,, 0.000 ,0,, 0.000 ,,Sunrise Medical,
302,PSPSTR,PSPSTR,Squiggles Plus Stander Package -...,, 0.000 ,0,, 0.000 ,,Sunrise Medical,
302,PT50002-1,PT50002-1,EasyStand Bantam Small,, 0.000 ,0,, 0.000 ,,Altimate Medical Inc.,
302,PY5691,PY5691,Easy Stand Bantam Medium,, 0.000 ,0,, 0.000 ,,Altimate Medical Inc.,
302,R821,R821,"Rifton Activity Chair, small, st...",, 0.000 ,0,, 0.000 ,,Permobil Canada,
302,R822,R822,"Rifton Activity Chair, small, st...",, 0.000 ,0,, 0.000 ,,Permobil Canada,
302,R831,R831,"Rifton Activity Chair, small, hi...",, 0.000 ,0,, 0.000 ,,Permobil Canada,
302,R841,R841,"Rifton Activity Chair, medium, s...",, 0.000 ,0,, 0.000 ,,Permobil Canada,
302,R842,R842,"Rifton Activity Chair, medium, s...",, 0.000 ,0,, 0.000 ,,Permobil Canada,
302,R851,R851,"Rifton Activity Chair, medium, h...",, 0.000 ,0,, 0.000 ,,Permobil Canada,
302,R852,R852,"Rifton Activity Chair, medium, h...",, 0.000 ,0,, 0.000 ,,Permobil Canada,
302,R861,R861,"Rifton Activity Chair, large, adj",, 0.000 ,0,, 0.000 ,,Permobil Canada,
302,R862,R862,"Rifton Activity Chair, large, ad...",, 0.000 ,0,, 0.000 ,,Permobil Canada,
302,R871,R871,"Rifton Activity Chair, Hi/Lo, la...",, 0.000 ,0,, 0.000 ,,Permobil Canada,
302,ROA100,ROA100,Buddy Roamer - Size 1,, 0.000 ,0,, 0.000 ,,Can-Dan Rehatec Ltd.,
302,S411,S411,Rifton Stander – S410 – Size 1,, 0.000 ,0,, 0.000 ,,Permobil Canada,
302,S421,S421,Rifton Stander – S420– Size 2,, 0.000 ,0,, 0.000 ,,Permobil Canada,
302,T250,T250,T-250 Model Semi-Recumbent Tricy...,, 0.000 ,0,, 0.000 ,,Trivel,
302,T350,T350,T350 Trivel Semi-recumbent Tricy...,, 0.000 ,0,, 0.000 ,,Trivel,
302,TR-1400- JB,TR-1400- JB,"Trotter Mobility Chair - 14"" - B...",, 0.000 ,0,, 0.000 ,,Drive Medical,
302,TRAVELSITM,TRAVELSITM,Travel Sit - Medium,, 1.000 ,1,,-1.000 ,,Liw Care Medical Devices Inc,
302,TRAVELSITS,TRAVELSITS,Travel Sit - Small,, 2.000 ,2,,-2.000 ,,Liw Care Medical Devices Inc,
302,W1/2BH-,W1/2BH-,Kaye Walker with Seat  - Small C...,, 0.000 ,0,, 0.000 ,,"Kaye Products, Inc.",
302,Z111,Z111,Rifton HTS - Small Seat & Back (...,, 0.000 ,0,, 0.000 ,,Permobil Canada,
302,Z121,Z121,Rifton HTS  - Seat and Back -Medium,, 0.000 ,0,, 0.000 ,,Permobil Canada,
302,Z123,Z123,Mobile Base for HTS (non-tilt),, 0.000 ,0,, 0.000 ,,Permobil Canada,
302,Z131,Z131,Rifton HTS - Large - Seat and Ba...,, 0.000 ,0,, 0.000 ,,Permobil Canada,
302,Z211,Z211,"Wave, small",, 0.000 ,0,, 0.000 ,,Permobil Canada,
302,Z221,Z221,"Wave, medium",, 0.000 ,0,, 0.000 ,,Permobil Canada,
302,Z231,Z231,"Wave, large",, 0.000 ,0,, 0.000 ,,Permobil Canada,
400,CRE-2110,CRE-2110,Bruno Elite Curved Stairlift. Ke...,, 0.000 ,0,, 0.000 ,,Bruno Independent Living Aids Inc.(Acct# CAN-2222),
400,CRE-2110180,CRE-2110180,Bruno Elite Curved Stairlift - 1...,, 0.000 ,0,, 0.000 ,,Bruno Independent Living Aids Inc.(Acct# CAN-2128),
400,CRE-2110EC,CRE-2110EC,Bruno Elite Outdoor Curved Stair...,, 0.000 ,0,, 0.000 ,,Bruno Independent Living Aids Inc.(Acct# CAN-2027),
400,CRE-2110fullradius,CRE-2110fullradius,Bruno Elite Curved Stairlift - F...,, 0.000 ,0,, 0.000 ,,Bruno Independent Living Aids Inc.(Acct# CAN-2027),
400,K2,K2,K2 Savaria stairlift with 15 foo...,, 0.000 ,0,, 0.000 ,,Savaria.,
400,K2outdoor,K2OUTDOOR,K2 Savaria Straight Outdoor Stai...,, 0.000 ,0,, 0.000 ,,Savaria.,
400,MFR,RAIL (folding),16' anodized manual folding rail...,, 13.000 ,0,,-13.000 ,,Bruno Independent Living Aids Inc.(Acct# CAN-2027),
400,PFR,PFR,16' powered folding rail (anodiz...,, 2.000 ,0,,-2.000 ,,Bruno Independent Living Aids Inc.(Acct# CAN-2027),
400,SRE-2010,SRE-2010,Electra Ride Elite Indoor Straig...,, 0.000 ,0,, 0.000 ,,Bruno Independent Living Aids Inc.(Acct# CAN-2027),
400,SRE-2010E,SRE-2010E,Bruno Elite Outdoor Straight Rai...,, 0.000 ,0,, 0.000 ,,Bruno Independent Living Aids Inc.(Acct# CAN-2027),
400,SRE-3000,SRE-3000,Bruno Elan Straight Rail Stairli...,, 0.000 ,0,, 0.000 ,,Bruno Independent Living Aids Inc.(Acct# CAN-2027),
400,SRE-300010,SRE-300010,Bruno Elan Indoor Straight Rail...,, 0.000 ,0,, 0.000 ,,Bruno Independent Living Aids Inc.(Acct# CAN-2027),
400,SRE-3050,SRE-3050,Bruno Elan Straight Rail Stairli...,, 0.000 ,0,, 0.000 ,,Bruno Independent Living Aids Inc.(Acct# CAN-2027),
400,Siena6004,SIENA6004,Siena 600 with 4.5M Rail - Inclu...,, 3.000 ,3,,-3.000 ,,Stannah,
400,Siena6005,SIENA6005,Siena 600 with 5M Rail - Include...,, 9.000 ,9,,-9.000 ,,Stannah,
400,Siena6006,SIENA6006,Siena 600 with 6M Rail - Include...,, 12.000 ,12,,-12.000 ,,Stannah,
400,Stairfriend,STAIRFRIEND,Stairfriend Savaria Custom Curve...,, 0.000 ,0,, 0.000 ,,Savaria.,
400,Stannah180,STANNAH180,Stannah 260 (300lb) - 180 Degree...,, 0.000 ,0,, 0.000 ,,Stannah,
400,Stannah260Curved,STANNAH260CURVED,Stannah 260 Curved Stairlift,, 1.000 ,1,,-1.000 ,,Stannah,
400,Stannah90,STANNAH90,Stannah 260 (300lb) - 90 Degree...,, 0.000 ,0,, 0.000 ,,Stannah,
400,StannahDouble90,STANNAHDOUBLE90,Stannah 260 (300lb) - Double 90...,, 0.000 ,0,, 0.000 ,,Stannah,
400,StannahRadius,STANNAHRADIUS,Stannah 260 (300lb) - Full Radiu...,, 0.000 ,0,, 0.000 ,,Stannah,
400,VPL-3153B,VPL-3153B,"Bruno Vertical Platform Lift, Ba...",, 0.000 ,0,, 0.000 ,,Bruno Independent Living Aids Inc.(Acct# CAN-2027),
400,VPL-3175B,VPL-3175B,"Bruno Vertical Platform Lift, Ba...",, 0.000 ,0,, 0.000 ,,Bruno Independent Living Aids Inc.(Acct# CAN-2222),
400,VPL-3210B,VPL-3210B,Bruno Vertical Platform Lift - 1...,, 0.000 ,0,, 0.000 ,,Bruno Independent Living Aids Inc.(Acct# CAN-2128),
565,C-P2100-1,C-P2100-1,EasyStand Strap Stand,, 0.000 ,0,, 0.000 ,,,
565,D-PED,D-PED,HME Demo - Pediatric Equipment,, 119.000 ,119,,-119.000 ,,Freedom Concepts Inc,
557,D-MAT-LAL,D-MAT-LAL,HME Demo - Low Air Loss Mattresses,, 0.000 ,0,, 0.000 ,,,
553,D-WC-PWC,D-WC-PWC,HME Demo - Power Wheelchairs,, 3.000 ,3,,-3.000 ,,,
552,D-MAT,D-MAT,HME Demo - Mattresses,, 0.000 ,0,, 0.000 ,,,
