Make,Model,Serial #,(Unit No),Rental Stage,Inventory Part,Inventory Desc,Date Sold,,Orig. Landed,Purchase Price,Landed,Freight,Duty,Sold At Price,Unit List Price,Salvage Value
INVACARE,Etude HC Bed - no rails included,23D09000833,,Non-Rental Part,ETUDE-HC,Etude HC Bed - no rails included,,,,,,,,,,
INVACARE,Etude HC Bed - no rails included,23D09000831,,Non-Rental Part,ETUDE-HC,Etude HC Bed - no rails included,,,,,,,,,,
EVERGREEN,DOVE,7809547757,,Non-Rental Part,HMEDOVE,Signature Series - HME Dove Low ...,,,,,,,,,,
Ki Mobility,ROGUE XPE,RGXP007908,D-02158,Non-Rental Part,D-PED,HME Demo - Pediatric Equipment,,,,,,,,,,
EVERGREEN,DOVE,7809547728,,Non-Rental Part,HMEDOVE,Signature Series - HME Dove Low ...,,,,,,,,,,
INVACARE,Etude HC Bed - no rails included,23D09000832,,Non-Rental Part,ETUDE-HC,Etude HC Bed - no rails included,,,,,,,,,,
R82, Flamingo - Size 2 - Blue,8013309,D-04544,Non-Rental Part,D-PED,HME Demo - Pediatric Equipment,,,,,,,,,,
SUNRISE,Squiggles Standard,LEC357034,D-04561,Non-Rental Part,D-PED,HME Demo - Pediatric Equipment,,,,,,,,,,
Convaid,High Low Size 2,354259,D-02003,Non-Rental Part,D-PED,HME Demo - Pediatric Equipment,,,,,,,,,,
JOERNS,Hoyer Up Standard,00000012,,Non-Rental Part,HOY-UP,Hoyer Up Standaid,,,,,,,,,,
Ki Mobility, Axiom for Kids SP - 10x10,D-04551,D-04551,Non-Rental Part,D-PED,HME Demo - Pediatric Equipment,,,,,,,,,,
Physipro, Resolve Cushion 17x15,D-04547,D-04547,Non-Rental Part,D-SEA-CUSH,HME Demo - Cushions,,,,,,,,,,
INVACARE,Etude HC Bed - no rails included,23D09000834,,Non-Rental Part,ETUDE-HC,Etude HC Bed - no rails included,,,,,,,,,,
Drive,Wrap around toilet support w/back,D-04548,D-04548,Non-Rental Part,D-PED,HME Demo - Pediatric Equipment,,,,,,,,,,
Ki Mobility,Axiom for Kids SP - 12x12,D-04552,D-04552,Non-Rental Part,D-PED,HME Demo - Pediatric Equipment,,,,,,,,,,
Wenzwelite,Medium,4S1505272204,D-02002,Non-Rental Part,D-PED,HME Demo - Pediatric Equipment,,,,,,,,,,
PERMOBIL, S421 -  Rifton Stander,S42020240502AA,D-04545,Non-Rental Part,D-PED,HME Demo - Pediatric Equipment,,,,,,,,,,
LECKEY,Squiggles Pivot Base,LEC357034.,,Non-Rental Part,D-PED,HME Demo - Pediatric Equipment,,,,,,,,,,
STANNAH,SIENA6004,U60124090033,,Non-Rental Part,Siena6004,Siena 600 with 4.5M Rail - Inclu...,,,,,,,,,,
Ki Mobility,Axiom for Kids SP - 14x14,D-04553,D-04553,Non-Rental Part,D-PED,HME Demo - Pediatric Equipment,,,,,,,,,,
Pride,Go Chair 12X12,D-00166,D-00166,Non-Rental Part,D-PED,HME Demo - Pediatric Equipment,,,,,,,,,,
Zippie,Xcape 16x16,FZ1-001455,D-02007,Non-Rental Part,D-PED,HME Demo - Pediatric Equipment,,,,,,,,,,
Dynamic,"Biofit Cushion - 13"",14""",N72208,D-04563,Non-Rental Part,D-PED,HME Demo - Pediatric Equipment,,,,,,,,,,
Quickie,QX 14x14,QX022576,D-02019,Non-Rental Part,D-PED,HME Demo - Pediatric Equipment,,,,,,,,,,
Ki Mobility,CR45 Tilt WC - 22x20,CR45006567,,Non-Rental Part,E1161,CR45 Tilt Wheelchair - Transit I...,,,,,,,,,,
Rifton,Compass Size 4,R34020190128AB,D-02005,Non-Rental Part,D-PED,HME Demo - Pediatric Equipment,,,,,,,,,,
First Class,Small,3F1406000106,D-02039,Non-Rental Part,D-PED,HME Demo - Pediatric Equipment,,,,,,,,,,
Rifton,Pacer Small,K50120180620AA,D-02029,Non-Rental Part,D-PED,HME Demo - Pediatric Equipment,,,,,,,,,,
Pride Mobility,"VIVALIFT POWER RECLINER Chair,Elegance",LV331123183S20,,Non-Rental Part,PLR975M,"VIVALIFT POWER RECLINER, ELEGANC...",,,,,,,,,,
Easystand,Bantam,V2017328004,D-02043,Non-Rental Part,D-PED,HME Demo - Pediatric Equipment,,,,,,,,,,
Easystand,Evolv,V4010642015,D-02049,Non-Rental Part,D-PED,HME Demo - Pediatric Equipment,,,,,,,,,,
Rifton,Pacer Medium,K50220160317AA,D-02031,Non-Rental Part,D-PED,HME Demo - Pediatric Equipment,,,,,,,,,,
Easystand,Zing,M1026344004,D-02042,Non-Rental Part,D-PED,HME Demo - Pediatric Equipment,,,,,,,,,,
STANNAH,SIENA6004,U60124070069,,Non-Rental Part,Siena6004,Siena 600 with 4.5M Rail - Inclu...,,,,,,,,,,
Pal Class,Size 2,LEC/202289,D-02038,Non-Rental Part,D-PED,HME Demo - Pediatric Equipment,,,,,,,,,,
EVERGREEN,DOVE,7809547760,,Non-Rental Part,HMEDOVE,Signature Series - HME Dove Low ...,,,,,,,,,,
,,200-12874,,Non-Rental Part,200-12874,"KWIKTRAK 140MM, 3M",,,,,,,,,,
Dynamico,Size 5,087710-002,D-02052,Non-Rental Part,D-PED,HME Demo - Pediatric Equipment,,,,,,,,,,
Rifton,Dynamic Pacer Medium,K63020160906AU,D-02032,Non-Rental Part,D-PED,HME Demo - Pediatric Equipment,,,,,,,,,,
Meerkat,Size 3,870023,D-02033,Non-Rental Part,D-PED,HME Demo - Pediatric Equipment,,,,,,,,,,
EVERGREEN,HME Signature Series  HME Swan Low Air Loss,7809554332,,Non-Rental Part,HMESWAN,HME Signature Series – HME Swan ...,,,,,,,,,,
ARJO,Sara Stedy,300635078,,Non-Rental Part,NTB2000-CA,Sara Stedy,,,,,,,,,,
ARJO,Sara Stedy,300635083,,Non-Rental Part,NTB2000-CA,Sara Stedy,,,,,,,,,,
Drive,Drive Shower Commode,29S230503744,,Non-Rental Part,NRS185007,Aluminum Rehab Shower Commode Ch...,,,,,,,,,,
HIGHSTAR,Mackworth Essentials 180 Mobile Hoist,ECC4001152,,Non-Rental Part,ESS180,Mackworth Essentials Floor Lift ...,,,,,,,,,,
HIGHSTAR,Mackworth CP440,CP4404844,,Non-Rental Part,CP440,Mackworth CP440 Fixed/Portable C...,,,,,,,,,,
HIGHSTAR,Mackworth Essentials 180 Mobile Hoist,ECC4001153,,Non-Rental Part,ESS180,Mackworth Essentials Floor Lift ...,,,,,,,,,,
STANNAH,SIENA6006,U60124080105,,Non-Rental Part,Siena6006,Siena 600 with 6M Rail - Include...,,,,,,,,,,
HIGHSTAR,Mackworth Essentials 180 Mobile Hoist,ECC4001078,,Non-Rental Part,ESS180,Mackworth Essentials Floor Lift ...,,,,,,,,,,
Ki MOBILITY, Axiom SP - 18x18,D-04496,D-04496,Non-Rental Part,D-SEA-CUSH,HME Demo - Cushions,,,,,,,,,,
HIGHSTAR,Mackworth CP440,CP4404856,,Non-Rental Part,CP440,Mackworth CP440 Fixed/Portable C...,,,,,,,,,,
SUNRISE,QUICKIE SR45 Manual Tilt Wheelchair,QSR-054885,,Non-Rental Part,194WM77,Quickie SR45 Manual Tilt Wheelchair,,,,,,,,,,
,,FSG440,,Non-Rental Part,FSG440,Highstar Freestanding Gantry Lif...,,,,,,,,,,
SUNRISE,Quickie SR45 Manual Tilt Wheelchair,QSR-054873,,Non-Rental Part,194WM77,Quickie SR45 Manual Tilt Wheelchair,,,,,,,,,,
HIGHSTAR,Mackworth CP440,CP4404846,,Non-Rental Part,CP440,Mackworth CP440 Fixed/Portable C...,,,,,,,,,,
Motion Concepts,HME Demo - Matrx PS Cushion 22x20,D-04495,D-04495,Non-Rental Part,D-SEA-CUSH,HME Demo - Cushions,,,,,,,,,,
R82 INC,XPANDA SHAPE - Infant Size,822288,D-04501,Non-Rental Part,D-PED,HME Demo - Pediatric Equipment,,,,,,,,,,
HIGHSTAR,Mackworth CP440,CP4404847,,Non-Rental Part,CP440,Mackworth CP440 Fixed/Portable C...,,,,,,,,,,
ARJO,MS014-01-02 - Maxi Sky 2 Motor - static/fixed.,300638339,,Non-Rental Part,MS014-01-02,Maxi Sky 2 Motor - static/fixed,,,,,,,,,,
Motion Concepts,HME Demo - Matrx Libra Cushion 22x18,D-04492,D-04492,Non-Rental Part,D-SEA-CUSH,HME Demo - Cushions,,,,,,,,,,
R82,Crocodile Orange - Size 2,5116381,D-04490,Non-Rental Part,D-PED,HME Demo - Pediatric Equipment,,,,,,,,,,
EVERGREEN,HME Signature Series  HME Swan Low Air Loss,7809554314,,Non-Rental Part,HMESWAN,HME Signature Series – HME Swan ...,,,,,,,,,,
HIGHSTAR,Mackworth Essentials 180 Mobile Hoist,ECC4001154,,Non-Rental Part,ESS180,Mackworth Essentials Floor Lift ...,,,,,,,,,,
EVERGREEN,HME Signature Series  HME Swan Low Air Loss,7809554313,,Non-Rental Part,HMESWAN,HME Signature Series – HME Swan ...,,,,,,,,,,
EVERGREEN,HME Signature Series  HME Swan Low Air Loss,7809554335,,Non-Rental Part,HMESWAN,HME Signature Series – HME Swan ...,,,,,,,,,,
R82 INC,MEERKAT -SIZE1,426351,D-04502,Non-Rental Part,D-PED,HME Demo - Pediatric Equipment,,,,,,,,,,
EVERGREEN,HME Signature Series  HME Swan Low Air Loss,7809554338,,Non-Rental Part,HMESWAN,HME Signature Series – HME Swan ...,,,,,,,,,,
ARJO,MS014-01-02 - Maxi Sky 2 Motor - static/fixed,300638345,,Non-Rental Part,MS014-01-02,Maxi Sky 2 Motor - static/fixed,,,,,,,,,,
EVERGREEN,HME Signature Series  HME Swan Low Air Loss,7809554318,,Non-Rental Part,HMESWAN,HME Signature Series – HME Swan ...,,,,,,,,,,
Motion Composites,"Move Manual Wheelchair,18x18",183044,,Non-Rental Part,WC01,Move Aluminum Wheelchair,,,,,,,,,,
EVERGREEN,HME Signature Series  HME Swan Low Air Loss,7809554317,,Non-Rental Part,HMESWAN,HME Signature Series – HME Swan ...,,,,,,,,,,
ARJO,MS014-01-02 - Maxi Sky 2 Motor - static/fixed,300638341,,Non-Rental Part,MS014-01-02,Maxi Sky 2 Motor - static/fixed,,,,,,,,,,
ARJO,MS014-01-02 - Maxi Sky 2 Motor - static/fixed,300638343,,Non-Rental Part,MS014-01-02,Maxi Sky 2 Motor - static/fixed,,,,,,,,,,
HIGHSTAR,Mackworth CP440,CP4404848,,Non-Rental Part,CP440,Mackworth CP440 Fixed/Portable C...,,,,,,,,,,
ARJO,MS014-01-02 - Maxi Sky 2 Motor - static/fixed,300638347,,Non-Rental Part,MS014-01-02,Maxi Sky 2 Motor - static/fixed,,,,,,,,,,
ARJO,MS014-01-02 - Maxi Sky 2 Motor - static/fixed,300638342,,Non-Rental Part,MS014-01-02,Maxi Sky 2 Motor - static/fixed,,,,,,,,,,
ARJO,MS014-01-02 - Maxi Sky 2 Motor - static/fixed,300638346,,Non-Rental Part,MS014-01-02,Maxi Sky 2 Motor - static/fixed,,,,,,,,,,
ARJO,MS014-01-02 - Maxi Sky 2 Motor - static/fixed,300638348,,Non-Rental Part,MS014-01-02,Maxi Sky 2 Motor - static/fixed,,,,,,,,,,
EVERGREEN,HME Signature Series  HME Swan Low Air Loss,7809554341,,Non-Rental Part,HMESWAN,HME Signature Series – HME Swan ...,,,,,,,,,,
ARJO,MS014-01-02 - Maxi Sky 2 Motor - static/fixed,300638344,,Non-Rental Part,MS014-01-02,Maxi Sky 2 Motor - static/fixed,,,,,,,,,,
Motion Composites,"Move Manual Wheelchair,18x18",183137,,Non-Rental Part,WC01,Move Aluminum Wheelchair,,,,,,,,,,
INVACARE,Etude HC Bed - no rails included,23D09000835,,Non-Rental Part,ETUDE-HC,Etude HC Bed - no rails included,,,,,,,,,,
Special Tomato,Special Tomato Soft Sitter - Size 1,D-03713,D-03713,Non-Rental Part,D-PED,HME Demo - Pediatric Equipment,,,,,,,,,,
Adaptive Star,Axiom improv 3  Navy Push Chair,D-03707,D-03707,Non-Rental Part,D-PED,HME Demo - Pediatric Equipment,,,,,,,,,,
Permobil,Roho Cushions,D-03706,D-03706,Non-Rental Part,D-SEA-CUSH,HME Demo - Cushions,,,,,,,,,,
Sunrise,Zippie Voyage VIP,ZV18-004248,D-03709,Non-Rental Part,D-PED,HME Demo - Pediatric Equipment,,,,,,,,,,
,,FSG440,,Non-Rental Part,FSG440,Highstar Freestanding Gantry Lif...,,,,,,,,,,
Ride Design,SFCD - 18x16 - Forward Cushion,8104779,D-03892,Non-Rental Part,D-SEA-CUSH,HME Demo - Cushions,,,,,,,,,,
Ride Design,SFCD - 20x18 - Forward Cushion,8104771,D-03894,Non-Rental Part,D-SEA-CUSH,HME Demo - Cushions,,,,,,,,,,
Physipro,Bumblebee Cushion - 12x12,D-03853,D-03853,Non-Rental Part,D-PED,HME Demo - Pediatric Equipment,,,,,,,,,,
STANNAH,SIENA6005,U60124070064,,Non-Rental Part,Siena6005,Siena 600 with 5M Rail - Include...,,,,,,,,,,
Physipro,Bumblebee Cushion - 12x12,D-03852,D-03852,Non-Rental Part,D-PED,HME Demo - Pediatric Equipment,,,,,,,,,,
Permobil,Rifton wave tub stand,Z21720220804AA,D-03715,Non-Rental Part,D-PED,HME Demo - Pediatric Equipment,,,,,,,,,,
Ride Designs,JC-1816,8118208,D-03999,Non-Rental Part,D-SEA-CUSH,HME Demo - Cushions,,,,,,,,,,
Ki Mobility,Hip-Flex Seat Cushion - AQAUA,ST-72060304,D-03845,Non-Rental Part,D-PED,HME Demo - Pediatric Equipment,,,,,,,,,,
Permobil,Halsa Bed w/ Half Rails,HSE17246,,Non-Rental Part,HALSA-STD-HSR-PKG,Halsa Bed: Includes head and foo...,,,,,,,,,,
Physipro,Bumblebee Cushion - 12x12,D-03850,D-03850,Non-Rental Part,D-PED,HME Demo - Pediatric Equipment,,,,,,,,,,
Dynamic,NXT BIOFIT CUSHION 17x17,N52244,D-03899,Non-Rental Part,D-SEA-CUSH,HME Demo - Cushions,,,,,,,,,,
Ride Designs,JC-1818,8118207,D-03998,Non-Rental Part,D-SEA-CUSH,HME Demo - Cushions,,,,,,,,,,
Physipro,Bed positioning,D-03699,D-03699,Non-Rental Part,D-PED,HME Demo - Pediatric Equipment,,,,,,,,,,
Permobil,1R1010C - Roho 18 x 18 High Profile Cushions,A4476642,,Non-Rental Part,D-SEA-CUSH,HME Demo - Cushions,,,,,,,,,,
Lighthouse,KLIP 4-Wheel Posterior Gati trainer With Seat - me,5.30202E+11,D-03615,Non-Rental Part,D-PED,HME Demo - Pediatric Equipment,,,,,,,,,,
PDG Mobility,Fuze T50 50° Manual Tilt Wheelchair,135372,,Non-Rental Part,1501000,Fuze T50 50° Manual Tilt Wheelchair,,,,,,,,,,
Physipro,Bumblebee Cushion - 12x14,D-03854,D-03854,Non-Rental Part,D-PED,HME Demo - Pediatric Equipment,,,,,,,,,,
EVERGREEN,"ELEVATE , Heel Protection",D-03924,D-03924,Non-Rental Part,D-MISC,HME Demo - Miscellaneous,,,,,,,,,,
,,FSG440,,Non-Rental Part,FSG440,Highstar Freestanding Gantry Lif...,,,,,,,,,,
Dynamic,NXT BIOFIT CUSHION 17x17,N52228,D-03898,Non-Rental Part,D-SEA-CUSH,HME Demo - Cushions,,,,,,,,,,
,,D-02012,,Non-Rental Part,D-PED,HME Demo - Pediatric Equipment,,,,,,,,,,
Dynamic,RAZ-AT Mobile Shower Commode,RAT-123141,D-03963,Non-Rental Part,Z300S22,"Non-Standard Width Raz-AT 22"" – ...",,,,,,,,,,
Adaptive Star,Axiom Lassen 2,D-03877,D-03877,Non-Rental Part,D-PED,HME Demo - Pediatric Equipment,,,,,,,,,,
,,2221101,,Non-Rental Part,DCP16,Freedom Concepts Discovery Bike ...,,,,,,,,,,
Rifton,Rifton pacer - Small,K62020190607AC,D-03614,Non-Rental Part,D-PED,HME Demo - Pediatric Equipment,,,,,,,,,,
KI MOBILITY,Axiom ASP - 17x17,D-04499,D-04499,Non-Rental Part,D-SEA-CUSH,HME Demo - Cushions,,,,,,,,,,
Inspired,CSS-2400M-RR-Car Seat - Neon Green,2023025VB290176,D-03918,Non-Rental Part,D-PED,HME Demo - Pediatric Equipment,,,,,,,,,,
Motion Composites,HELIO C2 17x17 Sunkissed Orange,154508,D-03904,Non-Rental Part,D-WC-MANUAL,HME Demo - Manual Wheelchairs,,,,,,,,,,
Ride Design,SJC - 16x18 - Java Cushion,116302,D-03889,Non-Rental Part,D-SEA-CUSH,HME Demo - Cushions,,,,,,,,,,
R82,Crocodile Base - Size 0,5103703,D-03917,Non-Rental Part,D-PED,HME Demo - Pediatric Equipment,,,,,,,,,,
Ride Design,SFCD - 16x18 - Forward Cushion,8104782,D-03888,Non-Rental Part,D-SEA-CUSH,HME Demo - Cushions,,,,,,,,,,
Convaid,TR14 Trekker Base Standard,2.60002E+12,D-03860,Non-Rental Part,D-PED,HME Demo - Pediatric Equipment,,,,,,,,,,
Invacare,Etude Bed With Glissando Mattress and side rails,22109001284,,Non-Rental Part,ETUDE-G-H,Etude Homecare Bed w/Glissando M...,,,,,,,,,,
Pride Mobility,VIVA POWER RECLINER CANYON,LZ221322881S20,,Non-Rental Part,PLR3955LT,"VIVALIFT POWER RECLINER, RADIANC...",,,,,,,,,,
Drive,BCWL-7310M - Wrap Around Bath Cupport Lo-Back - Me,2022105VC460338,D-03869,Non-Rental Part,D-PED,HME Demo - Pediatric Equipment,,,,,,,,,,
Ride Design,SJC - 20x18 - Java Cushion,8099245,D-03895,Non-Rental Part,D-SEA-CUSH,HME Demo - Cushions,,,,,,,,,,
STANNAH,SIENA6004,U60124070065,,Non-Rental Part,Siena6004,Siena 600 with 4.5M Rail - Inclu...,,,,,,,,,,
STANNAH,SIENA6004,U60124070072,,Non-Rental Part,Siena6004,Siena 600 with 4.5M Rail - Inclu...,,,,,,,,,,
PERMOBIL,K641 - Rifton Pacer Larg,K64020240328AD,D-04536,Non-Rental Part,D-PED,HME Demo - Pediatric Equipment,,,,,,,,,,
Handicare,AP-450,A20201124645851,,Non-Rental Part,303060,AP-450 lift motor,,,,,,,,,,
STANNAH,SIENA6004,U60124070070,,Non-Rental Part,Siena6004,Siena 600 with 4.5M Rail - Inclu...,,,,,,,,,,
Permobil,Halsa Bed W/Full Rails- Nature,HSF17326,,Non-Rental Part,HALSA-STD-FSR-PKG,Halsa Bed : Includes head and fo...,,,,,,,,,,
PPERMOBIL,S411 - Mult-Position Con,S41020240328AC,D-04537,Non-Rental Part,D-PED,HME Demo - Pediatric Equipment,,,,,,,,,,
Handicare,AP-450,A20201124645840,,Non-Rental Part,303060,AP-450 lift motor,,,,,,,,,,
ETAC,Flamingo  - Size 3,555787,D-04531,Non-Rental Part,D-PED,HME Demo - Pediatric Equipment,,,,,,,,,,
STANNAH,SIENA6004,U60124080052,,Non-Rental Part,Siena6004,Siena 600 with 4.5M Rail - Inclu...,,,,,,,,,,
STANNAH,SIENA6005,U60124090034,,Non-Rental Part,Siena6005,Siena 600 with 5M Rail - Include...,,,,,,,,,,
Leckey,MyWay Size 2,LEC/250214,D-02054,Non-Rental Part,D-PED,HME Demo - Pediatric Equipment,,,,,,,,,,
STANNAH,SIENA6005,U60124090035,,Non-Rental Part,Siena6005,Siena 600 with 5M Rail - Include...,,,,,,,,,,
PERMOBIL,S424 - S2 Multi-Position,S42020240328AB,D-04538,Non-Rental Part,D-PED,HME Demo - Pediatric Equipment,,,,,,,,,,
STANNAH,SIENA6005,U60124070062,,Non-Rental Part,Siena6005,Siena 600 with 5M Rail - Include...,,,,,,,,,,
STANNAH,SIENA6005,U60124090031,,Non-Rental Part,Siena6005,Siena 600 with 5M Rail - Include...,,,,,,,,,,
STANNAH,SIENA6004,U60124070066,,Non-Rental Part,Siena6004,Siena 600 with 4.5M Rail - Inclu...,,,,,,,,,,
STANNAH,SIENA6005,U60124070061,,Non-Rental Part,Siena6005,Siena 600 with 5M Rail - Include...,,,,,,,,,,
STANNAH,SIENA6005,U60124070063,,Non-Rental Part,Siena6005,Siena 600 with 5M Rail - Include...,,,,,,,,,,
Golden,PR-632M,GT2102RAP00586,,Non-Rental Part,PR-632M,DAYDREAMER (POWER PILLOW & LUMBA...,,,,,,,,,,
STANNAH,SIENA6006,U60124080107,,Non-Rental Part,Siena6006,Siena 600 with 6M Rail - Include...,,,,,,,,,,
STANNAH,SIENA6006,U60124080099,,Non-Rental Part,Siena6006,Siena 600 with 6M Rail - Include...,,,,,,,,,,
STANNAH,SIENA6006,U60124080106,,Non-Rental Part,Siena6006,Siena 600 with 6M Rail - Include...,,,,,,,,,,
STANNAH,SIENA6006,U60124090029,,Non-Rental Part,Siena6006,Siena 600 with 6M Rail - Include...,,,,,,,,,,
Permobil,Halsa Bed W/Full Rails- Nature,HSF17330,,Non-Rental Part,HALSA-STD-FSR-PKG,Halsa Bed : Includes head and fo...,,,,,,,,,,
Stannah,Siena 600,U60122210220-DEMO,,Non-Rental Part,Siena6005,Siena 600 with 5M Rail - Include...,,,,,,,,,,
ARJO,MS014-01-02 - Maxi Sky 2 Motor - static/fixed,300647699,,Non-Rental Part,MS014-01-02,Maxi Sky 2 Motor - static/fixed,,,,,,,,,,
STANNAH,SIENA6006,U60124080103,,Non-Rental Part,Siena6006,Siena 600 with 6M Rail - Include...,,,,,,,,,,
Invacare,Reliant 450 Lift,21KM011927,,Non-Rental Part,RPL450-1,Reliant 450 Power Portable Patie...,,,,,,,,,,
HME DEMO,MISC,D-03843,D-03843,Non-Rental Part,D-MISC,HME Demo - Miscellaneous,,,,,,,,,,
INVACARE,Etude HC Bed - no rails included,23D09000838,,Non-Rental Part,ETUDE-HC,Etude HC Bed - no rails included,,,,,,,,,,
ARJO,MS014-01-02 - Maxi Sky 2 Motor - static/fixed,300647697,,Non-Rental Part,MS014-01-02,Maxi Sky 2 Motor - static/fixed,,,,,,,,,,
ARJO,MS014-01-02 - Maxi Sky 2 Motor - static/fixed,300647770,,Non-Rental Part,MS014-01-02,Maxi Sky 2 Motor - static/fixed,,,,,,,,,,
STANNAH,SIENA6006,U60124090032,,Non-Rental Part,Siena6006,Siena 600 with 6M Rail - Include...,,,,,,,,,,
INVACARE,Etude HC Bed - no rails included,23D09000837,,Non-Rental Part,ETUDE-HC,Etude HC Bed - no rails included,,,,,,,,,,
STANNAH,SIENA6006,U60124080104,,Non-Rental Part,Siena6006,Siena 600 with 6M Rail - Include...,,,,,,,,,,
ARJO,MS014-01-02 - Maxi Sky 2 Motor - static/fixed,300647771,,Non-Rental Part,MS014-01-02,Maxi Sky 2 Motor - static/fixed,,,,,,,,,,
STANNAH,SIENA6006,U60124080100,,Non-Rental Part,Siena6006,Siena 600 with 6M Rail - Include...,,,,,,,,,,
STANNAH,SIENA6006,U60124080108,,Non-Rental Part,Siena6006,Siena 600 with 6M Rail - Include...,,,,,,,,,,
STANNAH,SIENA6005,U60124090036,,Non-Rental Part,Siena6005,Siena 600 with 5M Rail - Include...,,,,,,,,,,
SUNRISE,QUICKIE SR45 Manual Tilt Wheelchair,QSR-054886,,Non-Rental Part,194WM77,Quickie SR45 Manual Tilt Wheelchair,,,,,,,,,,
Permobil,Std Natural,HSF17535,,Non-Rental Part,HALSA-STD-HSR-PKG,Halsa Bed: Includes head and foo...,,,,,,,,,,
Motion Composites,Move Aluminum Wheelchair - 16x16,189980,,Non-Rental Part,WC01,Move Aluminum Wheelchair,,,,,,,,,,
Permobil,Std Wine,HSF17538,,Non-Rental Part,HALSA-STD-HSR-PKG,Halsa Bed: Includes head and foo...,,,,,,,,,,
Permobil,Std Natural,HSF17533,,Non-Rental Part,HALSA-STD-HSR-PKG,Halsa Bed: Includes head and foo...,,,,,,,,,,
Permobil,Std Natural,HSF17532,,Non-Rental Part,HALSA-STD-HSR-PKG,Halsa Bed: Includes head and foo...,,,,,,,,,,
PERMOBIL,M3 Base Corpus - M3 MPO,2528001802,D-04518,Non-Rental Part,D-WC-PWC,HME Demo - Power Wheelchairs,,,,,,,,,,
Motion Composites,Move Aluminum Wheelchair - 16x16,189816,,Non-Rental Part,WC01,Move Aluminum Wheelchair,,,,,,,,,,
Permobil,Std Natural,HSF17534,,Non-Rental Part,HALSA-STD-HSR-PKG,Halsa Bed: Includes head and foo...,,,,,,,,,,
Permobil,Std Wine,HSF17536,,Non-Rental Part,HALSA-STD-HSR-PKG,Halsa Bed: Includes head and foo...,,,,,,,,,,
Permobil,Std Wine,HSF17537,,Non-Rental Part,HALSA-STD-HSR-PKG,Halsa Bed: Includes head and foo...,,,,,,,,,,
Leckey,Myway Size 1,LEC/228811,D-02055,Non-Rental Part,D-PED,HME Demo - Pediatric Equipment,,,,,,,,,,
CONVAID,CTR-16 Coaster Standard,2.60008E+12,D-04540,Non-Rental Part,D-PED,HME Demo - Pediatric Equipment,,,,,,,,,,
Ki Mobility,CR45 Tilt WC - 16x16,CR45006569,,Non-Rental Part,E1161,CR45 Tilt Wheelchair - Transit I...,,,,,,,,,,
TiLite,Tilite Twist Manual Wheel Chair,1241426022,D-04569,Non-Rental Part,D-PED,HME Demo - Pediatric Equipment,,,,,,,,,,
Invacare,"Kidabra, 12x14",D-02131,D-02131,Non-Rental Part,D-PED,HME Demo - Pediatric Equipment,,,,,,,,,,
Permobil,Std Wine,HSF17539,,Non-Rental Part,HALSA-STD-HSR-PKG,Halsa Bed: Includes head and foo...,,,,,,,,,,
DYNAMIC,BIOFIT CUSHION - 12x12,N65183,D-04568,Non-Rental Part,D-PED,HME Demo - Pediatric Equipment,,,,,,,,,,
Ki Mobility,CR45 Tilt WC - 16x16,CR45006570,,Non-Rental Part,E1161,CR45 Tilt Wheelchair - Transit I...,,,,,,,,,,
Motion Concepts,MM1414 - Matrx Multi Cushion,2C0001735,D-04567,Non-Rental Part,D-SEA-CUSH,HME Demo - Cushions,,,,,,,,,,
,bike pink,219-150,D-02130,Non-Rental Part,D-PED,HME Demo - Pediatric Equipment,,,,,,,,,,
Ki Mobility,Special Tomato E10,00896688001138,D-02135,Non-Rental Part,D-PED,HME Demo - Pediatric Equipment,,,,,,,,,,
Blake,Hiybrid 18x18,010497,D-02257,Non-Rental Part,D-SEA-CUSH,HME Demo - Cushions,,,,,,,,,,
LIW CARE,Travel Sit - Medium,M0854,,Non-Rental Part,TRAVELSITM,Travel Sit - Medium,,,,,,,,,,
Matrx,PS 10x10,D-02148,D-02148,Non-Rental Part,D-SEA-CUSH,HME Demo - Cushions,,,,,,,,,,
HME PEDS,Coolover Bracket Pads Small,D-02180,D-02180,Non-Rental Part,D-PED,HME Demo - Pediatric Equipment,,,,,,,,,,
R82,Potty Frame,99009904,D-02137,Non-Rental Part,D-PED,HME Demo - Pediatric Equipment,,,,,,,,,,
Motion Composites,Move Aluminum Wheelchair - 16x16,189817,,Non-Rental Part,WC01,Move Aluminum Wheelchair,,,,,,,,,,
INVACARE,9000 Jymni Light wheelchair - 14x14,24GM004375,,Non-Rental Part,9JYLT,9000 Jymni Light wheelchair,,,,,,,,,,
HME PEDS,Positioning Brackets Large,D-02179,D-02179,Non-Rental Part,D-PED,HME Demo - Pediatric Equipment,,,,,,,,,,
Matrx,PS,D-02138,D-02138,Non-Rental Part,D-SEA-CUSH,HME Demo - Cushions,,,,,,,,,,
Motion Composites,Move Aluminum Wheelchair - 20x18,197819,,Non-Rental Part,WC01,Move Aluminum Wheelchair,,,,,,,,,,
LIW CARE,Travel Sit - Medium,M0855,,Non-Rental Part,TRAVELSITM,Travel Sit - Medium,,,,,,,,,,
Motion Composites,Move Aluminum Wheelchair - 18x18,190880,,Non-Rental Part,WC01,Move Aluminum Wheelchair,,,,,,,,,,
Motion Composites,Move Aluminum Wheelchair - 16x18,196799,,Non-Rental Part,WC01,Move Aluminum Wheelchair,,,,,,,,,,
Permobil,Halsa Std - Natural,2.02011E+11,,Non-Rental Part,HALSA-STD,Halsa Bed : Includes head and fo...,,,,,,,,,,
Motion Composites,Move Aluminum Wheelchair - 18x16,196079,,Non-Rental Part,WC01,Move Aluminum Wheelchair,,,,,,,,,,
Matrx,PS,D-02144,D-02144,Non-Rental Part,D-SEA-CUSH,HME Demo - Cushions,,,,,,,,,,
R82,Gazelle ps stander 2 green,2.01832E+12,D-00182,Non-Rental Part,88010-3,Gazelle PS Stander - Size 3 - Bl...,,,,,,,,,,
Matrx,PS 10x10,D-02142,D-02142,Non-Rental Part,D-SEA-CUSH,HME Demo - Cushions,,,,,,,,,,
Matrx,PS 10x10,D-02154,D-02154,Non-Rental Part,D-SEA-CUSH,HME Demo - Cushions,,,,,,,,,,
Rifton,HTS Medium,Z12020200320AB,D-02089,Non-Rental Part,D-PED,HME Demo - Pediatric Equipment,,,,,,,,,,
Leckey,Advance Bath Trolley Size 3,LEC/20176,D-02073,Non-Rental Part,D-PED,HME Demo - Pediatric Equipment,,,,,,,,,,
Rifton,HTS,Z11020180620AA,D-02081,Non-Rental Part,D-PED,HME Demo - Pediatric Equipment,,,,,,,,,,
Rifton,Wave Small,Z21020200416AB,D-02077,Non-Rental Part,D-PED,HME Demo - Pediatric Equipment,,,,,,,,,,
Convaid,Manatee Size 1,5042005,D-02074,Non-Rental Part,D-PED,HME Demo - Pediatric Equipment,,,,,,,,,,
R82,Flamingo Size 2,252364,D-02091,Non-Rental Part,D-PED,HME Demo - Pediatric Equipment,,,,,,,,,,
Ki Mobility,CR45 Tilt WC - 16x16,CR45006572,,Non-Rental Part,E1161,CR45 Tilt Wheelchair - Transit I...,,,,,,,,,,
JOERNS,HOYER UP Standaid,00000009,,Non-Rental Part,HOY-UP,Hoyer Up Standaid,,,,,,,,,,
Permobil,Halsa Bed W/Half Rails - Nature,HSF17314,,Non-Rental Part,HALSA-STD-HSR-PKG,Halsa Bed: Includes head and foo...,,,,,,,,,,
ARJO,Sara Stedy,300657328,,Non-Rental Part,NTB2000-CA,Sara Stedy,,,,,,,,,,
Ki Mobility,CR45 Tilt WC - 20x20,CR45006590,,Non-Rental Part,E1161,CR45 Tilt Wheelchair - Transit I...,,,,,,,,,,
Ki Mobility,CR45 Tilt WC - 22x20,CR45006591,,Non-Rental Part,E1161,CR45 Tilt Wheelchair - Transit I...,,,,,,,,,,
Symmetric designs,Savant headrest,D-02209,,Non-Rental Part,D-MISC,HME Demo - Miscellaneous,,,,,,,,,,
COMFORT,M2-FA-1212 -  M2 CUSHION,D-04582,D-04582,Non-Rental Part,D-SEA-CUSH,HME Demo - Cushions,,,,,,,,,,
Zippie,Iris 12x14,ZRS-056333,D-00017,Non-Rental Part,D-PED,HME Demo - Pediatric Equipment,,,,,,,,,,
Symmetric design,1'' bal mount adapter,D-02212,,Non-Rental Part,D-MISC,HME Demo - Miscellaneous,,,,,,,,,,
Symmetric designs,additional hardware,D-02211,,Non-Rental Part,D-MISC,HME Demo - Miscellaneous,,,,,,,,,,
SUNRISE,Quickie SR45 Manual Tilt Wheelchair,QSR-056061,,Non-Rental Part,194WM77,Quickie SR45 Manual Tilt Wheelchair,,,,,,,,,,
Symmetric designs,infinity link headrest hardware,D-02210,,Non-Rental Part,D-MISC,HME Demo - Miscellaneous,,,,,,,,,,
INVACARE,9000 Jymni Light wheelchair - 12x12,24GM004374,,Non-Rental Part,9JYLT,9000 Jymni Light wheelchair,,,,,,,,,,
Sunrise,"JAY UNION CUSHION 14X14
",D-04581,D-04581,Non-Rental Part,D-SEA-CUSH,HME Demo - Cushions,,,,,,,,,,
Ki Mobility,CLIK XP - Little Wave,CLK0020104,D-04571,Non-Rental Part,D-PED,HME Demo - Pediatric Equipment,,,,,,,,,,
Motion Composites,WC06 - Helio Kids Manual - 12x14,197324,D-04584,Non-Rental Part,D-PED,HME Demo - Pediatric Equipment,,,,,,,,,,
Ki Mobility,CLIK XP -  Little Wave,CLK0020102,D-04570,Non-Rental Part,D-PED,HME Demo - Pediatric Equipment,,,,,,,,,,
Motion Composites, Helio Kids - 14x16 - Sunkissed Orange,196580,D-04577,Non-Rental Part,D-PED,HME Demo - Pediatric Equipment,,,,,,,,,,
Ki Mobility,CR45 Tilt WC - 16x16,CR45006568,,Non-Rental Part,E1161,CR45 Tilt Wheelchair - Transit I...,,,,,,,,,,
DYNAMIC,NXT Bio fit Cushion 12 x12,N65188,D-04576,Non-Rental Part,D-PED,HME Demo - Pediatric Equipment,,,,,,,,,,
ARJO,MS014-01-02 - Maxi Sky 2,300658261,,Non-Rental Part,MS014-01-02-440KIT,Maxi Sky 2 Motor - static/fixed ...,,,,,,,,,,
Ki Mobility,CR45 Tilt WC - 16x16,CR45006571,,Non-Rental Part,E1161,CR45 Tilt Wheelchair - Transit I...,,,,,,,,,,
Ki Mobility,CR45 Tilt Wheelchair - 16x16,CR45006562,,Non-Rental Part,E1161,CR45 Tilt Wheelchair - Transit I...,,,,,,,,,,
GDSQUARED - 1414,,D-04566,D-04566,Non-Rental Part,D-SEA-CUSH,HME Demo - Cushions,,,,,,,,,,
Physipro, NSSQUARED-1414,D-04565,D-04565,Non-Rental Part,D-SEA-CUSH,HME Demo - Cushions,,,,,,,,,,
R82,Mustang Size 1,418128,D-02060,Non-Rental Part,D-PED,HME Demo - Pediatric Equipment,,,,,,,,,,
R82,Manatee Size 1,5055861,D-02071,Non-Rental Part,D-PED,HME Demo - Pediatric Equipment,,,,,,,,,,
OttoBock,Mustang,HR24550000-007,D-02068,Non-Rental Part,D-PED,HME Demo - Pediatric Equipment,,,,,,,,,,
Buddy Roamer,Size 1,BR-S12-766,D-02062,Non-Rental Part,D-PED,HME Demo - Pediatric Equipment,,,,,,,,,,
Freedom Concepts,DCP Trike,2230220,,Non-Rental Part,DCP 12,Freedom Concepts Discovery Bike ...,,,,,,,,,,
Synetik Ergo Care,Vertiflex A3,210317904,D-02069,Non-Rental Part,D-PED,HME Demo - Pediatric Equipment,,,,,,,,,,
NXT,Biofit 10X10,N05547,D-02112,Non-Rental Part,D-PED,HME Demo - Pediatric Equipment,,,,,,,,,,
Leckey,Bath Chair Mesh,LEC/130514,D-02070,Non-Rental Part,D-PED,HME Demo - Pediatric Equipment,,,,,,,,,,
Permobil,Halsa Bed W/Half Rails- Nature,HSF17324,,Non-Rental Part,HALSA-STD-HSR-PKG,Halsa Bed: Includes head and foo...,,,,,,,,,,
SUNRISE,Quickie SR45 Manual Tilt Wheelchair,QSR-054878,,Non-Rental Part,194WM77,Quickie SR45 Manual Tilt Wheelchair,,,,,,,,,,
SUNRISE,Quickie SR45 Manual Tilt Wheelchair,QSR-054883,,Non-Rental Part,194WM77,Quickie SR45 Manual Tilt Wheelchair,,,,,,,,,,
SUNRISE,Quickie SR45 Manual Tilt Wheelchair,QSR-054876,,Non-Rental Part,194WM77,Quickie SR45 Manual Tilt Wheelchair,,,,,,,,,,
INVACARE,Reliant 450,24BM004338,,Non-Rental Part,RPL450-1,Reliant 450 Power Portable Patie...,,,,,,,,,,
SUNRISE,Quickie SR45 Manual Tilt Wheelchair,QSR-054874,,Non-Rental Part,194WM77,Quickie SR45 Manual Tilt Wheelchair,,,,,,,,,,
Motion Composites,"Move Manual Wheelchair,20x20",182823,,Non-Rental Part,WC01,Move Aluminum Wheelchair,,,,,,,,,,
Motion Composites,"Move Manual Wheelchair,20x20",182822,,Non-Rental Part,WC01,Move Aluminum Wheelchair,,,,,,,,,,
INVACARE,RELIANT 350,24BM002952,,Non-Rental Part,RPS350-1,Reliant 350 Power Stand Up Lift,,,,,,,,,,
INVACARE,RELIANT 350,24BM002957,,Non-Rental Part,RPS350-1,Reliant 350 Power Stand Up Lift,,,,,,,,,,
LIW CARE,Baffin Trio - Size 1,BAFW-10597,,Non-Rental Part,BAFFINTRIOSIZE1,Baffin Trio - Size 1,,,,,,,,,,
SUNRISE,Quickie SR45 Manual Tilt Wheelchair,QSR-054879,,Non-Rental Part,194WM77,Quickie SR45 Manual Tilt Wheelchair,,,,,,,,,,
LIW CARE,Baffin Trio 4W,BAFW-20149,,Non-Rental Part,BAFFINTRIOSIZE2,Baffin Trio - Size 2,,,,,,,,,,
Physipro,Axiom Cushion - 12x14,D-04509,D-04509,Non-Rental Part,D-SEA-CUSH,HME Demo - Cushions,,,,,,,,,,
SYNETIK ERGO CARE,Vertifllex A3 Stander,2301934408,D-04515,Non-Rental Part,D-PED,HME Demo - Pediatric Equipment,,,,,,,,,,
Firefly,Splashy Size 1,D-02058,D-02058,Non-Rental Part,D-PED,HME Demo - Pediatric Equipment,,,,,,,,,,
SUNRISE,Quickie SR45 Manual Tilt Wheelchair,QSR-054875,,Non-Rental Part,194WM77,Quickie SR45 Manual Tilt Wheelchair,,,,,,,,,,
INVACARE,Reliant 450,24BM004359,,Non-Rental Part,RPL450-1,Reliant 450 Power Portable Patie...,,,,,,,,,,
INVACARE,Reliant 450,24BM004361,,Non-Rental Part,RPL450-1,Reliant 450 Power Portable Patie...,,,,,,,,,,
SUNRISE,Quickie SR45 Manual Tilt Wheelchair,QSR-054872,,Non-Rental Part,194WM77,Quickie SR45 Manual Tilt Wheelchair,,,,,,,,,,
SUNRISE,Quickie SR45 Manual Tilt Wheelchair,QSR-054890,,Non-Rental Part,194WM77,Quickie SR45 Manual Tilt Wheelchair,,,,,,,,,,
SUNRISE,Quickie SR45 Manual Tilt Wheelchair,QSR-054888,,Non-Rental Part,194WM77,Quickie SR45 Manual Tilt Wheelchair,,,,,,,,,,
Arjo,Minuet 2 bed,PO545029,,Non-Rental Part,160AN6A1U,Minuet 2 LTC bed with 2 way tilt...,,,,,,,,,,
SUNRISE,QUICKIE SR 45 Manual Tilt Wheelchair - 16x16,QSR-054905,,Non-Rental Part,194WM77,Quickie SR45 Manual Tilt Wheelchair,,,,,,,,,,
SUNRISE,QUICKIE SR 45 Manual Tilt Wheelchair - 16x16,QSR-054903,,Non-Rental Part,194WM77,Quickie SR45 Manual Tilt Wheelchair,,,,,,,,,,
DRIVE,P703 - Prime Care Hospital Bed,2111L2309700236,,Non-Rental Part,P703,"Prime Care Hospital Bed, Model P703",,,,,,,,,,
INVACARE,Reliant 450,24BM004329,,Non-Rental Part,RPL450-1,Reliant 450 Power Portable Patie...,,,,,,,,,,
SUNRISE,QUICKIE SR45 Manual Tilt Wheelchair,QSR-054887,,Non-Rental Part,194WM77,Quickie SR45 Manual Tilt Wheelchair,,,,,,,,,,
SUNRISE,Quickie SR45 Manual Tilt Wheelchair,QSR-054889,,Non-Rental Part,194WM77,Quickie SR45 Manual Tilt Wheelchair,,,,,,,,,,
,Nimbo small,D-02126,D-02126,Non-Rental Part,D-PED,HME Demo - Pediatric Equipment,,,,,,,,,,
SUNRISE,QUICKIE SR45 Manual Tilt Wheelchair,QSR-054884,,Non-Rental Part,194WM77,Quickie SR45 Manual Tilt Wheelchair,,,,,,,,,,
Permobil,QUICKIE SR45 Manual Tilt Wheelchair - 20x20,QSR-054892,,Non-Rental Part,194WM77,Quickie SR45 Manual Tilt Wheelchair,,,,,,,,,,
Motion Composites,"Move Manual Wheelchair,20x18",186070,,Non-Rental Part,WC01,Move Aluminum Wheelchair,,,,,,,,,,
Permobil,QUICKIE SR45 Manual Tilt Wheelchair - 20x20,QSR-054891,,Non-Rental Part,194WM77,Quickie SR45 Manual Tilt Wheelchair,,,,,,,,,,
Ki MOBILITY,Little Wave Arc - Blue - 12x14,LWA0000550,D-04507,Non-Rental Part,D-PED,HME Demo - Pediatric Equipment,,,,,,,,,,
Permobil,QUICKIE SR45 Manual Tilt Wheelchair - 20x20,QSR-054894,,Non-Rental Part,194WM77,Quickie SR45 Manual Tilt Wheelchair,,,,,,,,,,
Permobil,QUICKIE SR45 Manual Tilt Wheelchair - 20x20,QSR-054898,,Non-Rental Part,194WM77,Quickie SR45 Manual Tilt Wheelchair,,,,,,,,,,
Permobil,QUICKIE SR45 Manual Tilt Wheelchair - 20x20,QSR-054900,,Non-Rental Part,194WM77,Quickie SR45 Manual Tilt Wheelchair,,,,,,,,,,
ARJO,MS014-01-02 - Maxi Sky 2 Motor - static/fixed.,300638340,,Non-Rental Part,MS014-01-02,Maxi Sky 2 Motor - static/fixed,,,,,,,,,,
SUNRISE,Quickie SR45 Manual Tilt Wheelchair,QSR-054882,,Non-Rental Part,194WM77,Quickie SR45 Manual Tilt Wheelchair,,,,,,,,,,
SUNRISE,QUICKIE SR 45 Manual Tilt Wheelchair - 16x16,QSR-054908,,Non-Rental Part,194WM77,Quickie SR45 Manual Tilt Wheelchair,,,,,,,,,,
Resolve,14x14,D-02123,D-02123,Non-Rental Part,D-PED,HME Demo - Pediatric Equipment,,,,,,,,,,
,Nighthawk 12x12,D-02120,D-02120,Non-Rental Part,D-PED,HME Demo - Pediatric Equipment,,,,,,,,,,
Matrx,PS 10x10,D-02119,D-02119,Non-Rental Part,D-PED,HME Demo - Pediatric Equipment,,,,,,,,,,
PERMOBIL,Halsa Bed Plus,HPB18405,,Non-Rental Part,HALSA-PLUS-HSR-PKG,"Halsa Bed Plus - 36"": Includes h...",,,,,,,,,,
LIW CARE,Baffin Automatic - Size 3,BAF-L1443,,Non-Rental Part,BAFFINAUTOSIZE3,Baffin Automatic - Size 3,,,,,,,,,,
NXT,Biofit 12x12,D-02106,D-02106,Non-Rental Part,D-PED,HME Demo - Pediatric Equipment,,,,,,,,,,
INVACARE,9000 Jymni Light wheelchair - 14x14,24GM004377,,Non-Rental Part,9JYLT,9000 Jymni Light wheelchair,,,,,,,,,,
INVACARE,9000 Jymni Light wheelchair - 16x14,24GM004378,,Non-Rental Part,9JYLT,9000 Jymni Light wheelchair,,,,,,,,,,
Stealth,SPP x12,D-02102,D-02102,Non-Rental Part,D-PED,HME Demo - Pediatric Equipment,,,,,,,,,,
,,FSG440,,Non-Rental Part,FSG440,Highstar Freestanding Gantry Lif...,,,,,,,,,,
,Axiom 14x14,D-02111,D-02111,Non-Rental Part,D-PED,HME Demo - Pediatric Equipment,,,,,,,,,,
HME PEDS,Positioning Brackets Medium,D-02177,D-02177,Non-Rental Part,D-PED,HME Demo - Pediatric Equipment,,,,,,,,,,
Convaid,Cruiser Blue Size 14,CX-1405535,D-03703,Non-Rental Part,D-PED,HME Demo - Pediatric Equipment,,,,,,,,,,
Blake,Commode pad 18x18,D-02252,,Non-Rental Part,D-SEA-CUSH,HME Demo - Cushions,,,,,,,,,,
Rifton,Activity Chair,R85020141223AN,,Non-Rental Part,C-R852,MEDIUM HI-LO ACTIVITY CHAIR SEAT...,,,,,,,,,,
Firefly,Splashy Big Bath Seat,LEC/263267,D-02132,Non-Rental Part,D-PED,HME Demo - Pediatric Equipment,,,,,,,,,,
AXSOL, Folding Threshold Ramp - 510 x 760 mm,D-04616,D-04616,Non-Rental Part,D-MISC,HME Demo - Miscellaneous,,,,,,,,,,
Rifton,Activity Chair 840,R84020200903AE,D-00261,Non-Rental Part,D-PED,HME Demo - Pediatric Equipment,,,,,,,,,,
LIW CARE,Baffin Automatic - Size 3,BAF-L1460,,Non-Rental Part,BAFFINAUTOSIZE3,Baffin Automatic - Size 3,,,,,,,,,,
Essential Medical Products,ESP 12x14,D-02141,D-02141,Non-Rental Part,D-SEA-CUSH,HME Demo - Cushions,,,,,,,,,,
,foam x10,D-02118,D-02118,Non-Rental Part,D-PED,HME Demo - Pediatric Equipment,,,,,,,,,,
,Synergy 15x15,D-02117,D-02117,Non-Rental Part,D-PED,HME Demo - Pediatric Equipment,,,,,,,,,,
Tilite,AERO Z2,11943370,D-02133,Non-Rental Part,D-PED,HME Demo - Pediatric Equipment,,,,,,,,,,
LIW CARE,Travel Sit - Small,S0843,,Non-Rental Part,TRAVELSITS,Travel Sit - Small,,,,,,,,,,
LIW CARE,Travel Sit - Small,S0833,,Non-Rental Part,TRAVELSITS,Travel Sit - Small,,,,,,,,,,
LIW CARE,Travel Sit - Small,S0844,,Non-Rental Part,TRAVELSITS,Travel Sit - Small,,,,,,,,,,
LIW CARE,Travel Sit - Small,S0834,,Non-Rental Part,TRAVELSITS,Travel Sit - Small,,,,,,,,,,
LIW CARE,Baffin Trio - Size 1,BAFW-10598,,Non-Rental Part,BAFFINTRIOSIZE1,Baffin Trio - Size 1,,,,,,,,,,
LIW CARE,Baffin Trio 4W,BAFW-20150,,Non-Rental Part,BAFFINTRIOSIZE2,Baffin Trio - Size 2,,,,,,,,,,
,foam 12x12,D-02121,D-02121,Non-Rental Part,D-PED,HME Demo - Pediatric Equipment,,,,,,,,,,
LIW CARE,Baffin Automatic - Size 2,BAF-M1306,,Non-Rental Part,BAFFINAUTOSIZE2,Baffin Automatic - Size 2,,,,,,,,,,
LIW CARE,Travel Sit - Medium,M0833,,Non-Rental Part,TRAVELSITM,Travel Sit - Medium,,,,,,,,,,
LIW CARE,Lori Stander - Size 1,LO-10443,,Non-Rental Part,LORISIZE1,Lori Stander - Size 1,,,,,,,,,,
Matrx,PS 10x10,D-02155,D-02155,Non-Rental Part,D-SEA-CUSH,HME Demo - Cushions,,,,,,,,,,
Adaptive,Star,D-00152,D-00152,Non-Rental Part,D-PED,HME Demo - Pediatric Equipment,,,,,,,,,,
BRUNO,Bruno Elite Outdoor Curved Stair Lift,24080340817,,Non-Rental Part,CRE-2110EC,Bruno Elite Outdoor Curved Stair...,,,,,,,,,,
Adaptive,Star Size 2,D-00151,D-00151,Non-Rental Part,D-PED,HME Demo - Pediatric Equipment,,,,,,,,,,
LIW CARE,Lori Stander - Size 3,LE-30189,,Non-Rental Part,LORISIZE3,Lori Stander - Size 3,,,,,,,,,,
LIW CARE,Lori Stander - Size 2,LO-20786,,Non-Rental Part,LORISIZE2,Lori Stander - Size 2,,,,,,,,,,
LIW CARE,Lori Stander - Size 1,LO-10442,,Non-Rental Part,LORISIZE1,Lori Stander - Size 1,,,,,,,,,,
LIW CARE,Lori Stander - Size 2,LO-20778,,Non-Rental Part,LORISIZE2,Lori Stander - Size 2,,,,,,,,,,
LIW CARE,Baffin Automatic - Size 2,BAF-M1307,,Non-Rental Part,BAFFINAUTOSIZE2,Baffin Automatic - Size 2,,,,,,,,,,
Blake,"Blake Toilet Seat 18""",D-03575,D-03575,Non-Rental Part,D-BTH,HME Demo - Bathroom Equipment,,,,,,,,,,
Permobil,Roho hybrid Elite 16x16,A4238711,D-02282,Non-Rental Part,D-SEA-CUSH,HME Demo - Cushions,,,,,,,,,,
Ride,Ride Custom 2 20x21 Cushion,D-03484,D-03484,Non-Rental Part,D-SEA-CUSH,HME Demo - Cushions,,,,,,,,,,
Personal Aide,"Woode Bath Board 30""Wx4""H",D-03574,D-03574,Non-Rental Part,D-BTH,HME Demo - Bathroom Equipment,,,,,,,,,,
Eagle Health,Eagle Health Tub Mounted Transfer Bench,D-03577,D-03577,Non-Rental Part,D-BTH,HME Demo - Bathroom Equipment,,,,,,,,,,
Permobil (Advanced),Permobil 18x18 Foam Cushion,D-03485,D-03485,Non-Rental Part,D-SEA-CUSH,HME Demo - Cushions,,,,,,,,,,
Malton Best,Orion II 20x19,D-03525,D-03525,Non-Rental Part,D-WC-TILT,HME Demo - Tilt Wheelchairs,,,,,,,,,,
Permobil (Advanced),Roho Hybrid Elite 20x18,D-03486,D-03486,Non-Rental Part,D-SEA-CUSH,HME Demo - Cushions,,,,,,,,,,
 Drive,Wrap-Around Toilet HI-Back,2019095VE060022,D-03584,Non-Rental Part,D-PED,HME Demo - Pediatric Equipment,,,,,,,,,,
PDG,Fuze T50 16x18,D-03526,D-03526,Non-Rental Part,D-WC-TILT,HME Demo - Tilt Wheelchairs,,,,,,,,,,
Motion Concepts,TDX SP,P0917152778,D-03438,Non-Rental Part,D-WC-TILT,HME Demo - Tilt Wheelchairs,,,,,,,,,,
Motion Concepts,TDX SP,17355C008714,D-03435,Non-Rental Part,D-WC-PWC,HME Demo - Power Wheelchairs,,,,,,,,,,
,,17057C164040,D-03433,Non-Rental Part,D-WC-PWC,HME Demo - Power Wheelchairs,,,,,,,,,,
Broda,"Broda Tilt wheelchair,16x18",172619500RW1603247,D-04014,Non-Rental Part,D-WC-TILT,HME Demo - Tilt Wheelchairs,,,,,,,,,,
Performance Health,Bed Cradle,D-03579,D-03579,Non-Rental Part,D-BED,HME Demo - Bedroom Equipment,,,,,,,,,,
Sunrise,Quickie SR45 16x18,D-03527,D-03527,Non-Rental Part,D-WC-TILT,HME Demo - Tilt Wheelchairs,,,,,,,,,,
,Reho Soft RTS,D-03573,D-03573,Non-Rental Part,D-BTH,HME Demo - Bathroom Equipment,,,,,,,,,,
Permobil (Advanced),Roho 14x14 LP Cushion A0948221,D-03504,D-03504,Non-Rental Part,D-SEA-CUSH,HME Demo - Cushions,,,,,,,,,,
Action Products,"Action Gel Bed Pad 35""x80""",D-03572,D-03572,Non-Rental Part,D-BED,HME Demo - Bedroom Equipment,,,,,,,,,,
Permobil,Psd for Rifton Activity Chair,D-02553-1,,Non-Rental Part,D-PED,HME Demo - Pediatric Equipment,,,,,,,,,,
Permobil,Roho Enhancer 19x19,A4322314,D-02259,Non-Rental Part,D-SEA-CUSH,HME Demo - Cushions,,,,,,,,,,
Permobil,Rifton Shower Stand,Z21820211103AG,D-02264,Non-Rental Part,D-PED,HME Demo - Pediatric Equipment,,,,,,,,,,
SPEX,SPEX Standard Contour Cushion 16 x 18,D-03429,D-03429,Non-Rental Part,D-SEA-CUSH,HME Demo - Cushions,,,,,,,,,,
Motion,4'' fork holes,D-03331,,Non-Rental Part,D-MISC,HME Demo - Miscellaneous,,,,,,,,,,
Blake,GHD 20x16,010111,D-02239,Non-Rental Part,D-SEA-CUSH,HME Demo - Cushions,,,,,,,,,,
Permobil,Rifton Shower Stand,Z21820211103AH,D-02263,Non-Rental Part,D-PED,HME Demo - Pediatric Equipment,,,,,,,,,,
Motion,Ultra Caster wheels 4'',D-03329,,Non-Rental Part,D-MISC,HME Demo - Miscellaneous,,,,,,,,,,
Motion,Ultra Caster wheels 5'',D-03330,,Non-Rental Part,D-MISC,HME Demo - Miscellaneous,,,,,,,,,,
Motion,4'' fork holes,D-03332,,Non-Rental Part,D-MISC,HME Demo - Miscellaneous,,,,,,,,,,
Motion,5'' fork holes,D-03333,,Non-Rental Part,D-MISC,HME Demo - Miscellaneous,,,,,,,,,,
Pride Mobility,Synergy Spectrum 24x20 Cushion,D-03506,D-03506,Non-Rental Part,D-SEA-CUSH,HME Demo - Cushions,,,,,,,,,,
Sunrise,J3 18x18 Cushion,D-03519,D-03519,Non-Rental Part,D-SEA-CUSH,HME Demo - Cushions,,,,,,,,,,
Permobil (Advanced),Roho Hybrid Elite 16x19,D-03521,D-03521,Non-Rental Part,D-SEA-CUSH,HME Demo - Cushions,,,,,,,,,,
Permobil (Advanced),Roho 14x14 LP Cushion,D-03499,D-03499,Non-Rental Part,D-SEA-CUSH,HME Demo - Cushions,,,,,,,,,,
Silvalea,Walking harness male Small,S0305014,D-03367,Non-Rental Part,D-PED,HME Demo - Pediatric Equipment,,,,,,,,,,
Sunrise,Jay Drop seat,D-02251,D-02251,Non-Rental Part,D-MISC,HME Demo - Miscellaneous,,,,,,,,,,
Permobil,Tray for Rifton Activity Chair,D-02253-2,,Non-Rental Part,D-PED,HME Demo - Pediatric Equipment,,,,,,,,,,
Blake,GHD 20x18,010247,D-02240,Non-Rental Part,D-SEA-CUSH,HME Demo - Cushions,,,,,,,,,,
Permobil,Roho Enhancer 17x17,A4322313,D-02258,Non-Rental Part,D-SEA-CUSH,HME Demo - Cushions,,,,,,,,,,
Permobil,Rifton Activity Chair Medium,R85020211104AI,D-02261,Non-Rental Part,D-PED,HME Demo - Pediatric Equipment,,,,,,,,,,
Motion,7'' Fork holes,D-03336,,Non-Rental Part,D-MISC,HME Demo - Miscellaneous,,,,,,,,,,
HME PEDS,Airmantle Coolover Top 190x100cm,D-02182,D-02182,Non-Rental Part,D-PED,HME Demo - Pediatric Equipment,,,,,,,,,,
Convaid,EZ Rider 18,EZ18T-02217,d-04008,Non-Rental Part,D-PED,HME Demo - Pediatric Equipment,,,,,,,,,,
HME PEDS,Positioning Brackets Small,D-02176,D-02176,Non-Rental Part,D-PED,HME Demo - Pediatric Equipment,,,,,,,,,,
HME PEDS,Pull Cord Velcro Sheet,D-02175,D-02175,Non-Rental Part,D-PED,HME Demo - Pediatric Equipment,,,,,,,,,,
,,HME-00458,,Non-Rental Part,D-PED,HME Demo - Pediatric Equipment,,,,,,,,,,
HME PEDS,Coolover Fitted Sheet 200x105cm,D-02183,D-02183,Non-Rental Part,D-PED,HME Demo - Pediatric Equipment,,,,,,,,,,
Dyanmic Health Care,HME - Peds Equipment,338830,,Non-Rental Part,D-PED,HME Demo - Pediatric Equipment,,,,,,,,,,
HME PEDS,Coolover Bracket Pads Medium,D-02181,D-02181,Non-Rental Part,D-PED,HME Demo - Pediatric Equipment,,,,,,,,,,
Dynamic Health Care,HME PEDS - DEMO,338824,,Non-Rental Part,D-PED,HME Demo - Pediatric Equipment,,,,,,,,,,
Jay,Union 13x16,D-02145,D-02145,Non-Rental Part,D-SEA-CUSH,HME Demo - Cushions,,,,,,,,,,
AXIOM,CS Cushion,D-02173,D-02173,Non-Rental Part,D-PED,HME Demo - Pediatric Equipment,,,,,,,,,,
Matrx,10x10,D-02156,D-02156,Non-Rental Part,D-SEA-CUSH,HME Demo - Cushions,,,,,,,,,,
Dynamic Health Care,HME PEDS - DEMO,338828,,Non-Rental Part,D-PED,HME Demo - Pediatric Equipment,,,,,,,,,,
Motion,Ultra Caster Wheels 6'',D-03327,,Non-Rental Part,D-MISC,HME Demo - Miscellaneous,,,,,,,,,,
Motion,Ultra Caster Wheels 6'',D-03326,,Non-Rental Part,D-MISC,HME Demo - Miscellaneous,,,,,,,,,,
,,BC10624,,Non-Rental Part,D-MISC,HME Demo - Miscellaneous,,,,,,,,,,
Matrx,PS 14x14,D-02151,D-02151,Non-Rental Part,D-SEA-CUSH,HME Demo - Cushions,,,,,,,,,,
Ki Mobility,Clik,CLK008084,HME-02161,Non-Rental Part,D-PED,HME Demo - Pediatric Equipment,,,,,,,,,,
Solu-Med,"SM1070 - Two Cyclinders, attachable",D-02160,D-02160,Non-Rental Part,D-PED,HME Demo - Pediatric Equipment,,,,,,,,,,
R82,High Low Base w/ Seat,D-03037,D-03037,Non-Rental Part,D-PED,HME Demo - Pediatric Equipment,,,,,,,,,,
Blake,Blake Hybrid Deep 18x20 Cushion,D-03467,D-03467,Non-Rental Part,D-SEA-CUSH,HME Demo - Cushions,,,,,,,,,,
Permobil (Advanced),Roho Pad 6.5x14.75x3.25,D-03474,D-03474,Non-Rental Part,D-SEA-CUSH,HME Demo - Cushions,,,,,,,,,,
Arjo,Voyager Portable,30043109,,Non-Rental Part,9800009-02,Voyager Portable Motor,,,,,,,,,,
Permobil (Advanced),Roho Pad 6.5x14.75x3.25,D-03475,D-03475,Non-Rental Part,D-SEA-CUSH,HME Demo - Cushions,,,,,,,,,,
Invacare,Infinity 16x18 Cushion,D-03476,D-03476,Non-Rental Part,D-SEA-CUSH,HME Demo - Cushions,,,,,,,,,,
Permobil,Roho hybrid Elite 18x17,A4309565,D-02284,Non-Rental Part,D-SEA-CUSH,HME Demo - Cushions,,,,,,,,,,
Permobil,Roho hybrid Elite 16x18,A4311058,D-02283,Non-Rental Part,D-SEA-CUSH,HME Demo - Cushions,,,,,,,,,,
BFF,"BFF 20""x20"" Cushion",D-03456,D-03456,Non-Rental Part,D-SEA-CUSH,HME Demo - Cushions,,,,,,,,,,
Permobil, 20x17,A4324379,D-02285,Non-Rental Part,D-SEA-CUSH,HME Demo - Cushions,,,,,,,,,,
Blake Medical,Blake Gold 16x16,D-03464,D-03464,Non-Rental Part,D-SEA-CUSH,HME Demo - Cushions,,,,,,,,,,
Rehotec,Deluxe toilet seat,D-03306,D-03306,Non-Rental Part,D-BTH,HME Demo - Bathroom Equipment,,,,,,,,,,
Convaid,EZ Rider 14,EZ14T-05961,D-03029,Non-Rental Part,D-PED,HME Demo - Pediatric Equipment,,,,,,,,,,
Dynamic Health Care,HME PEDS - DEMO,338831,,Non-Rental Part,D-PED,HME Demo - Pediatric Equipment,,,,,,,,,,
HME PEDS,Lowzone Crumb Cushions 30x45cm,D-02185,D-02185,Non-Rental Part,D-PED,HME Demo - Pediatric Equipment,,,,,,,,,,
Motion Concepts,"Matrx Libra 16""x18"" Cushion",D-03455,D-03455,Non-Rental Part,D-SEA-CUSH,HME Demo - Cushions,,,,,,,,,,
Broda,"Broda Tilt wheelchair,16x18",QIX 02958,D-03442,Non-Rental Part,D-WC-TILT,HME Demo - Tilt Wheelchairs,,,,,,,,,,
Sunrise,Jay Union 15x20 Cushion,D-03458,D-03458,Non-Rental Part,D-SEA-CUSH,HME Demo - Cushions,,,,,,,,,,
Ki Mobility,Tsunami 16x18,TS-001973,D-03443,Non-Rental Part,D-WC-MANUAL,HME Demo - Manual Wheelchairs,,,,,,,,,,
,Multichair,48442X49,D-02224,Non-Rental Part,D-BTH,HME Demo - Bathroom Equipment,,,,,,,,,,
Moxi,Select air max mattress,D-02208,,Non-Rental Part,D-MAT-LAL,HME Demo - Low Air Loss Mattresses,,,,,,,,,,
AXIOM,CS Cushion 16x16,D-02171,D-02171,Non-Rental Part,D-PED,HME Demo - Pediatric Equipment,,,,,,,,,,
INVACARE,9000 Jymni Light wheelchair - 12x12,24GM004372,,Non-Rental Part,9JYLT,9000 Jymni Light wheelchair,,,,,,,,,,
Performance Health,Potty Seat,D-02267,D-02267,Non-Rental Part,D-PED,HME Demo - Pediatric Equipment,,,,,,,,,,
Future Mobility,"Prism Supreme ll plus, cushion,22x18",D-03390,D-03390,Non-Rental Part,D-SEA-CUSH,HME Demo - Cushions,,,,,,,,,,
Permobil,"Roho Contour Select 19"" X 17""",A4299512,D-02273,Non-Rental Part,D-SEA-CUSH,HME Demo - Cushions,,,,,,,,,,
Westech,ramp,D-02557,D-02557,Non-Rental Part,D-MISC,HME Demo - Miscellaneous,,,,,,,,,,
Bruno,Bruno Elan Straight Rail Stairlift,21110331861,HME-04115,Non-Rental Part,SRE-3050,Bruno Elan Straight Rail Stairli...,,,,,,,,,,
Ride,Java Cushion 18x18,8082922,D-02270,Non-Rental Part,D-SEA-CUSH,HME Demo - Cushions,,,,,,,,,,
Permobil,Pelvic harness for Rifton Ac,D-02253-3,,Non-Rental Part,D-PED,HME Demo - Pediatric Equipment,,,,,,,,,,
Leckey,Firefly Go to Seat,D-02266,D-02266,Non-Rental Part,D-PED,HME Demo - Pediatric Equipment,,,,,,,,,,
Bruno,Bruno Elan Straight Rail Stairlift,21110331924,HME-04114,Non-Rental Part,SRE-3050,Bruno Elan Straight Rail Stairli...,,,,,,,,,,
Motion,5'' fork holes,D-03334,,Non-Rental Part,D-MISC,HME Demo - Miscellaneous,,,,,,,,,,
Permobil,Roho Hybrid Select 16x16,A4332291,D-02277,Non-Rental Part,D-SEA-CUSH,HME Demo - Cushions,,,,,,,,,,
Westech,ramp,D-02556,D-02556,Non-Rental Part,D-MISC,HME Demo - Miscellaneous,,,,,,,,,,
Motion,7'' Fork holes,D-03335,,Non-Rental Part,D-MISC,HME Demo - Miscellaneous,,,,,,,,,,
,,D-02246,,Non-Rental Part,D-SEA-CUSH,HME Demo - Cushions,,,,,,,,,,
Permobil,Roho Hybrid Select 20x18,A4347863,D-02281,Non-Rental Part,D-SEA-CUSH,HME Demo - Cushions,,,,,,,,,,
Permobil,Roho Hybrid Select 18x16,A4305210,D-02279,Non-Rental Part,D-SEA-CUSH,HME Demo - Cushions,,,,,,,,,,
Westech,ramp,D-02558,D-02558,Non-Rental Part,D-MISC,HME Demo - Miscellaneous,,,,,,,,,,
,,D-02240,,Non-Rental Part,D-SEA-CUSH,HME Demo - Cushions,,,,,,,,,,
KI MOBILITY,Axiom CS cushion 12x12,D-03385,D-03385,Non-Rental Part,D-PED,HME Demo - Pediatric Equipment,,,,,,,,,,
,Vista Collar,D-02233,D-02233,Non-Rental Part,D-PED,HME Demo - Pediatric Equipment,,,,,,,,,,
Drive,2WW Bariatric Walker,D-02271,D-02271,Non-Rental Part,D-MISC,HME Demo - Miscellaneous,,,,,,,,,,
HIGHSTAR,Mackworth Jumbo Care Folding Mast Hoist,M4000442,,Non-Rental Part,1301M180H4,Mackworth Jumbo Care Folding Mas...,,,,,,,,,,
Motion Composites,Ultralight Move Wheelchair Aluminum - 18x20,173569,,Non-Rental Part,WC01,Move Aluminum Wheelchair,,,,,,,,,,
Motion Composites,Ultra Light Move Wheelchair 20x20,171476,,Non-Rental Part,WC01,Move Aluminum Wheelchair,,,,,,,,,,
Sunrise,Quickie SR45 Manual Tilt Wheelchair,QSR-053526,,Non-Rental Part,194WM77,Quickie SR45 Manual Tilt Wheelchair,,,,,,,,,,
KI MOBILITY,Axiom SP - 16x16,D-04498,D-04498,Non-Rental Part,D-SEA-CUSH,HME Demo - Cushions,,,,,,,,,,
Perrmobil,K614 - Rifton Pacer Mini - Standard,K61020240122AA,D-04489,Non-Rental Part,D-PED,HME Demo - Pediatric Equipment,,,,,,,,,,
Sunrise,Quickie SR45 Manual Tilit Wheelchair,QSR-053565,,Non-Rental Part,194WM77,Quickie SR45 Manual Tilt Wheelchair,,,,,,,,,,
Sunrise,Quickie SR45 Manual Tilit Wheelchair,QSR-053551,,Non-Rental Part,194WM77,Quickie SR45 Manual Tilt Wheelchair,,,,,,,,,,
HIGHSTAR,Mackworth Jumbo Care Folding Mast Hoist,M4000439,,Non-Rental Part,1301M180H4,Mackworth Jumbo Care Folding Mas...,,,,,,,,,,
,,200-12874,,Non-Rental Part,200-12874,"KWIKTRAK 140MM, 3M",,,,,,,,,,
HIGHSTAR,Mackworth Jumbo Care Folding Mast Hoist,M4000438,,Non-Rental Part,1301M180H4,Mackworth Jumbo Care Folding Mas...,,,,,,,,,,
Sunrise,Quickie SR 45 Manual Wheelchair,QSR-053508,,Non-Rental Part,194WM77,Quickie SR45 Manual Tilt Wheelchair,,,,,,,,,,
Sunrise,Quickie SR45 Manual Tilt Wheelchair,QSR-053540,,Non-Rental Part,194WM77,Quickie SR45 Manual Tilt Wheelchair,,,,,,,,,,
Motion Composites,Ultralight Move Wheelchair Aluminum - 18x20,173560,,Non-Rental Part,WC01,Move Aluminum Wheelchair,,,,,,,,,,
HIGHSTAR,Mackworth Jumbo Care Folding Mast Hoist,M4000443,,Non-Rental Part,1301M180H4,Mackworth Jumbo Care Folding Mas...,,,,,,,,,,
Sunrise,Quickie SR45 Manual Tilit Wheelchair,QSR-053561,,Non-Rental Part,194WM77,Quickie SR45 Manual Tilt Wheelchair,,,,,,,,,,
Modular Access System,ThruFlow decking 36x12 - Ergo Beige,539-2,D-03970,Non-Rental Part,D-MISC,HME Demo - Miscellaneous,,,,,,,,,,
Freedom Concepts,DCP12 - TRICYCLE,2230450,,Non-Rental Part,DCP 12,Freedom Concepts Discovery Bike ...,,,,,,,,,,
,,Z36WR600,,Non-Rental Part,Z36WR600,RAZ-AT600 Commode WASS User Weig...,,,,,,,,,,
Highstar Healthcare Inc.,Cp440 Portable Reversable Lift Motor w/ Trolley,CP4404176,,Non-Rental Part,CP440,Mackworth CP440 Fixed/Portable C...,,,,,,,,,,
Sunrise,Zippie Sphynx,ZS22-013686,D-03958,Non-Rental Part,D-PED,HME Demo - Pediatric Equipment,,,,,,,,,,
Modular Access System,ThruFlow decking 36x12 - Ergo Beige,539-1,D-03969,Non-Rental Part,D-MISC,HME Demo - Miscellaneous,,,,,,,,,,
Freedom Concepts,AS2000  - TRICYCLE,2230795,,Non-Rental Part,AS2000,Freedom Concepts Adventurer Bike...,,,,,,,,,,
,,200-12874,,Non-Rental Part,200-12874,"KWIKTRAK 140MM, 3M",,,,,,,,,,
PDG,Stellar GLT Manual Tilt Wheelchair,125446,D-03965,Non-Rental Part,D-WC-TILT,HME Demo - Tilt Wheelchairs,,,,,,,,,,
XSP1616V - AXV - Axiom SP - Visco,,D-04069,D-04069,Non-Rental Part,D-SEA-CUSH,HME Demo - Cushions,,,,,,,,,,
HIGHSTAR,Mackworth Jumbo Care Folding Mast Hoist,M4000449,,Non-Rental Part,1301M180H4,Mackworth Jumbo Care Folding Mas...,,,,,,,,,,
HIGHSTAR,Mackworth Jumbo Care Folding Mast Hoist,M4000446,,Non-Rental Part,1301M180H4,Mackworth Jumbo Care Folding Mas...,,,,,,,,,,
Ki Mobility,XSP1818F -  AXF - Axiom SP - Fluid,D-04067,D-04067,Non-Rental Part,D-SEA-CUSH,HME Demo - Cushions,,,,,,,,,,
,XS1816 -  AXS - Axiom S Cushion,D-04068,D-04068,Non-Rental Part,D-SEA-CUSH,HME Demo - Cushions,,,,,,,,,,
Ki Mobility,XSP1816V - AXV - Axiom SP,D-04066,D-04066,Non-Rental Part,D-SEA-CUSH,HME Demo - Cushions,,,,,,,,,,
HIGHSTAR,Mackworth Jumbo Care Folding Mast Hoist,M4000445,,Non-Rental Part,1301M180H4,Mackworth Jumbo Care Folding Mas...,,,,,,,,,,
HIGHSTAR,Mackworth Jumbo Care Folding Mast Hoist,M4000450,,Non-Rental Part,1301M180H4,Mackworth Jumbo Care Folding Mas...,,,,,,,,,,
Savaria,K2 Savaria Straight Outdoor Stairlift,K2C03001182100033,,Non-Rental Part,K2outdoor,K2 Savaria Straight Outdoor Stai...,,,,,,,,,,
Ki Mobility,Tyke for XPanda,TYK0000670,D-04063,Non-Rental Part,D-PED,HME Demo - Pediatric Equipment,,,,,,,,,,
,,Z12020191205AC,,Non-Rental Part,D-PED,HME Demo - Pediatric Equipment,,,,,,,,,,
Permbol,Rifton Pacer Mini,HME-00404,HME-00404,Non-Rental Part,D-PED,HME Demo - Pediatric Equipment,,,,,,,,,,
,,BC10526,,Non-Rental Part,D-PED,HME Demo - Pediatric Equipment,,,,,,,,,,
Solu Medical,SM1070 - Two Cylinders attachable by zipper body s,SM1070,D-03639,Non-Rental Part,D-PED,HME Demo - Pediatric Equipment,,,,,,,,,,
R82,Crocodile Gait Trainer Size 3,5099155,D-03650,Non-Rental Part,D-PED,HME Demo - Pediatric Equipment,,,,,,,,,,
,,D-02195,,Non-Rental Part,D-PED,HME Demo - Pediatric Equipment,,,,,,,,,,
,,2111033124,,Non-Rental Part,SRE-3050,Bruno Elan Straight Rail Stairli...,,,,,,,,,,
Motion Concepts,Accessory kit,D-03642,D-03642,Non-Rental Part,D-MISC,HME Demo - Miscellaneous,,,,,,,,,,
Physipro,Physipro Cushions,218650,D-03598,Non-Rental Part,D-PED,HME Demo - Pediatric Equipment,,,,,,,,,,
,,BC8873,,Non-Rental Part,D-PED,HME Demo - Pediatric Equipment,,,,,,,,,,
,,D-02034,,Non-Rental Part,D-PED,HME Demo - Pediatric Equipment,,,,,,,,,,
,,D-02265,,Non-Rental Part,D-PED,HME Demo - Pediatric Equipment,,,,,,,,,,
,,BC9692,,Non-Rental Part,D-PED,HME Demo - Pediatric Equipment,,,,,,,,,,
Ki MOBILITY,Axiom SP - 20x18,D-04497,D-04497,Non-Rental Part,D-SEA-CUSH,HME Demo - Cushions,,,,,,,,,,
Physipro,Resolve Physipro 12x12,D-03645,D-03645,Non-Rental Part,D-PED,HME Demo - Pediatric Equipment,,,,,,,,,,
Convaid,EZ Rider EZ 18,2.6E+12,,Non-Rental Part,D-PED,HME Demo - Pediatric Equipment,,,,,,,,,,
Leckey,Squiggles Plus,LEC/224187,HME-01091,Non-Rental Part,D-PED,HME Demo - Pediatric Equipment,,,,,,,,,,
Ki Mobility,Clik XP,CLK0020681,,Non-Rental Part,CLIK XP,Ki Mobility Little Wave Clik XP,,,,,,,,,,
Rifton,HTS,HME-03009,,Non-Rental Part,D-PED,HME Demo - Pediatric Equipment,,,,,,,,,,
Stannah,Siena 6006,U60023270077,,Non-Rental Part,Siena6006,Siena 600 with 6M Rail - Include...,,,,,,,,,,
Ki Mobilty,ACS2 AxiomCS Cushion,D-03636,D-03636,Non-Rental Part,D-PED,HME Demo - Pediatric Equipment,,,,,,,,,,
Motion Concepts,TDX-SP2 Base Power Chair,23HE000495,D-04062,Non-Rental Part,D-PED,HME Demo - Pediatric Equipment,,,,,,,,,,
Permobil,Kidwalk II - Candy Blue - Large,55742,D-03634,Non-Rental Part,D-PED,HME Demo - Pediatric Equipment,,,,,,,,,,
ARJO,MS014-01-02 - Maxi Sky 2,300606550,,Non-Rental Part,MS014-01-02,Maxi Sky 2 Motor - static/fixed,,,,,,,,,,
Motion Composites,Ultralight Move Wheelchair Aluminum - 20x18,173670,,Non-Rental Part,WC01,Move Aluminum Wheelchair,,,,,,,,,,
Permobil,Kidwalk - Green ( Small ),55740,D-03632,Non-Rental Part,D-PED,HME Demo - Pediatric Equipment,,,,,,,,,,
Drive,TZ-A4960S - Padded Reducer Ring - Small,D-44061,D-44061,Non-Rental Part,D-PED,HME Demo - Pediatric Equipment,,,,,,,,,,
Invacare,"HME DEMO - eFix E350 24"" , 6AH",E35225077,D-04059,Non-Rental Part,D-PED,HME Demo - Pediatric Equipment,,,,,,,,,,
Synetik,VERTIFLEX A2,200083502,D-03618,Non-Rental Part,D-PED,HME Demo - Pediatric Equipment,,,,,,,,,,
Motion Concepts,PSVF 1818 - PS VISCO FOAM CUSHIONS 1818,1C0051824,,Non-Rental Part,D-SEA-CUSH,HME Demo - Cushions,,,,,,,,,,
Stannah,Siena One Straight,U60122050498-DEMO,,Non-Rental Part,Siena6005,Siena 600 with 5M Rail - Include...,,,,,,,,,,
Lekey,SleepForm,D-03682,D-03682,Non-Rental Part,D-PED,HME Demo - Pediatric Equipment,,,,,,,,,,
Adaptive Star,Axiom adaptive Star Stroller,D-03619,D-03619,Non-Rental Part,D-PED,HME Demo - Pediatric Equipment,,,,,,,,,,
Modular Access System,ThruFlow decking 36x12 - Ergo Beige,539,D-03966,Non-Rental Part,D-MISC,HME Demo - Miscellaneous,,,,,,,,,,
Sunrise,ZIPPIE X'CAPE WHEEL CHAIR,FZ1-011758,D-03628,Non-Rental Part,D-PED,HME Demo - Pediatric Equipment,,,,,,,,,,
Evolution,DX4 Wheel Rollator,ER153815,D-03621,Non-Rental Part,D-MISC,HME Demo - Miscellaneous,,,,,,,,,,
Physipro,Bumble Bee cushion 12x12,D-03646,D-03646,Non-Rental Part,D-PED,HME Demo - Pediatric Equipment,,,,,,,,,,
,,D02112,,Non-Rental Part,D-PED,HME Demo - Pediatric Equipment,,,,,,,,,,
Savaria,k2 Savaria Straight Outdoor Stairlift,K2C04001512100106,,Non-Rental Part,K2outdoor,K2 Savaria Straight Outdoor Stai...,,,,,,,,,,
Special Tomato,Out & About Seat,CON-115,CON-115,Non-Rental Part,C-67010100,Out and About Seat,,,,,,,,,,
Pride,Universal parts kit,D-03299,,Non-Rental Part,D-MISC,HME Demo - Miscellaneous,,,,,,,,,,
Pride,Hand pad horn medium right,D-03297,,Non-Rental Part,D-MISC,HME Demo - Miscellaneous,,,,,,,,,,
Rehotec,Deluxe toilet seat,D-03304,D-03304,Non-Rental Part,D-BTH,HME Demo - Bathroom Equipment,,,,,,,,,,
Can-dan,"MeyWalk 2000, size Medium",045794,D-03592,Non-Rental Part,D-PED,HME Demo - Pediatric Equipment,,,,,,,,,,
Pride,Hand pad horn mediumleft,D-03296,,Non-Rental Part,D-MISC,HME Demo - Miscellaneous,,,,,,,,,,
Pride,Hand pad palm extensor medium left,D-03896,,Non-Rental Part,D-MISC,HME Demo - Miscellaneous,,,,,,,,,,
Pride,Universal parts kit,D-03301,,Non-Rental Part,D-MISC,HME Demo - Miscellaneous,,,,,,,,,,
Rehotec,Deluxe toilet seat,D-03305,D-03305,Non-Rental Part,D-BTH,HME Demo - Bathroom Equipment,,,,,,,,,,
Pride,Hand pad horn mediumleft,D-03295,,Non-Rental Part,D-MISC,HME Demo - Miscellaneous,,,,,,,,,,
HME PEDS,Lowzone Crumb Cushions 8x12cm,D-02189,D-02189,Non-Rental Part,D-PED,HME Demo - Pediatric Equipment,,,,,,,,,,
Future Mobility,Prism II Supreme plus 18x18,D-02228,D-02228,Non-Rental Part,D-SEA-CUSH,HME Demo - Cushions,,,,,,,,,,
HME PEDS,Lowzone Crumb Cushions 8x12cm,D-02190,D-02190,Non-Rental Part,D-PED,HME Demo - Pediatric Equipment,,,,,,,,,,
Pride,Hand pad palm extensor medium right,D-03298,,Non-Rental Part,D-MISC,HME Demo - Miscellaneous,,,,,,,,,,
HME PEDS,Lowzone Crumb Cushions 25x37cm,D-02188,D-02188,Non-Rental Part,D-PED,HME Demo - Pediatric Equipment,,,,,,,,,,
HME PEDS,Lowzone Crumb Cushions 13x40cm,D-02192,D-02192,Non-Rental Part,D-PED,HME Demo - Pediatric Equipment,,,,,,,,,,
Leckey,Gotta Go S1 Seat,LEC/299041,D-02196,Non-Rental Part,D-PED,HME Demo - Pediatric Equipment,,,,,,,,,,
HME PEDS,Lowzone Crumb Cushions 13x40cm,D-02191,D-02191,Non-Rental Part,D-PED,HME Demo - Pediatric Equipment,,,,,,,,,,
Ottoback,Adaptor Size 1,D-02194,D-02194,Non-Rental Part,D-PED,HME Demo - Pediatric Equipment,,,,,,,,,,
Freewheel,Front wheel attatchment (1 wheel),B26253,,Non-Rental Part,D-PED,HME Demo - Pediatric Equipment,,,,,,,,,,
Pride,elevating swivel unit,D-03302,,Non-Rental Part,D-MISC,HME Demo - Miscellaneous,,,,,,,,,,
Blake Medical,"Zentury cushion,20x18",D-03046,D-03046,Non-Rental Part,D-SEA-CUSH,HME Demo - Cushions,,,,,,,,,,
Permobil,"Roho Hybrid Elite,20x18",A3980373,D-01182,Non-Rental Part,D-SEA-CUSH,HME Demo - Cushions,,,,,,,,,,
Dynamic Healthcare Solutions,HME Demo - Pediatric Equipment,338825,,Non-Rental Part,D-PED,HME Demo - Pediatric Equipment,,,,,,,,,,
Invacare,"Matrx Libra,cushion,18x16",D-01208,D-01208,Non-Rental Part,D-SEA-CUSH,HME Demo - Cushions,,,,,,,,,,
Aquatec,Bath Lift,ORC2107471,,Non-Rental Part,AQUATECR-W,Invacare AQUATEC R - Reclining B...,,,,,,,,,,
Dynamic Health Care Solutions,HME Demo - Pediatric Equipment,338832,,Non-Rental Part,D-PED,HME Demo - Pediatric Equipment,,,,,,,,,,
Ki Mobility,Little Wave CLIK,CLK006879,HME-02159,Non-Rental Part,D-PED,HME Demo - Pediatric Equipment,,,,,,,,,,
Klip,4 wheel walker XS,5.10202E+11,D-02157,Non-Rental Part,D-PED,HME Demo - Pediatric Equipment,,,,,,,,,,
Pride Mobility,Forearm pad medium,D-03286,,Non-Rental Part,D-MISC,HME Demo - Miscellaneous,,,,,,,,,,
Trivel,T350,TRI00201901802,,Non-Rental Part,C-T350,T350 Trivel Tricycle,,,,,,,,,,
Pride,Forearm pad small,D-03289,,Non-Rental Part,D-MISC,HME Demo - Miscellaneous,,,,,,,,,,
HME PEDS,Lowzone Crumb Cushions 35x80cm,D-02187,D-02187,Non-Rental Part,D-PED,HME Demo - Pediatric Equipment,,,,,,,,,,
,multi chair base,2523002843,D-02225,Non-Rental Part,D-WC-PWC,HME Demo - Power Wheelchairs,,,,,,,,,,
HME DEMO,Leg Wrap,D-02163,D-02163,Non-Rental Part,D-PED,HME Demo - Pediatric Equipment,,,,,,,,,,
Pride Mobility,Forearm pad medium,D-03287,,Non-Rental Part,D-MISC,HME Demo - Miscellaneous,,,,,,,,,,
,elevating swivel unit,D-03303,,Non-Rental Part,D-MISC,HME Demo - Miscellaneous,,,,,,,,,,
R82,Mustang,358232,D-03038,Non-Rental Part,D-PED,HME Demo - Pediatric Equipment,,,,,,,,,,
Invacare,Reliant 450 Power Portable Patient Floor Lift - Lo,303060,,Non-Rental Part,RPL450-2,Invacare Reliant 450 Power Porta...,,,,,,,,,,
Pride,Elevating swivel unit,D-03291,,Non-Rental Part,D-MISC,HME Demo - Miscellaneous,,,,,,,,,,
Pride,Elevating swivel unit,D-03290,,Non-Rental Part,D-MISC,HME Demo - Miscellaneous,,,,,,,,,,
R82,Crocodile Base Size 1 - Yellow,5113033,D-03951,Non-Rental Part,D-PED,HME Demo - Pediatric Equipment,,,,,,,,,,
EMP,"12"" Bed Wedge w. Fabric",D-04557,D-04557,Non-Rental Part,D-MISC,HME Demo - Miscellaneous,,,,,,,,,,
EMP,"14"" Bed Wedge w. Fabric",D-04558,D-04558,Non-Rental Part,D-MISC,HME Demo - Miscellaneous,,,,,,,,,,
,,Z36WR600,,Non-Rental Part,Z36WR600,RAZ-AT600 Commode WASS User Weig...,,,,,,,,,,
EMP,"10"" Bed Wedge w. Fabric",D-04556,D-04556,Non-Rental Part,D-MISC,HME Demo - Miscellaneous,,,,,,,,,,
Motion Concepts,PS-MINI1414 - Matrx PS Cushion,D-04053,D-04053,Non-Rental Part,D-PED,HME Demo - Pediatric Equipment,,,,,,,,,,
Rifton,Wave,Z22020230913AP,D-04474,Non-Rental Part,D-PED,HME Demo - Pediatric Equipment,,,,,,,,,,
Motion Concepts,MINI1410 - Matrx Mini Backrest,D-04054,D-04054,Non-Rental Part,D-PED,HME Demo - Pediatric Equipment,,,,,,,,,,
HOGGI,Bingo Evolution,202297553,D-04043,Non-Rental Part,D-PED,HME Demo - Pediatric Equipment,,,,,,,,,,
Motion Concepts,ROVI A3 Power Chair,1WN30D41A0093,D-04052,Non-Rental Part,D-PED,HME Demo - Pediatric Equipment,,,,,,,,,,
Freedom,DCP16 - TRICYCLE,2231059,,Non-Rental Part,DCP16,Freedom Concepts Discovery Bike ...,,,,,,,,,,
Invacare,Reliant 450,23CM007701,,Non-Rental Part,RPL450-1,Reliant 450 Power Portable Patie...,,,,,,,,,,
dynamic,EZPZ-AT Mobile Shower Commode Chair,EZAT-100057,,Non-Rental Part,EZ305,EZPZ AT - Attendant Tilt Mobile ...,,,,,,,,,,
LBAC Solutions,OWL Cushion Deep Contour - 18x18,GCI03127,D-03926,Non-Rental Part,D-SEA-CUSH,HME Demo - Cushions,,,,,,,,,,
LBAC Solutions,OWL CUSHION DEEP CONTOUR - 16x16,GCI03104,D-03925,Non-Rental Part,D-SEA-CUSH,HME Demo - Cushions,,,,,,,,,,
JOERNS,Hoyer Advance Lifter Electric,2105L1685,,Non-Rental Part,HOY-ADVANCE-E,HOYER ADVANCE LIFTER ELECTRIC,,,,,,,,,,
SPEX,Spex High Contour Cushion 12x12,1101273,D-03954,Non-Rental Part,D-SEA-CUSH,HME Demo - Cushions,,,,,,,,,,
Permobil,Halsa Bed W/Half Rails,HSE17504,,Non-Rental Part,HALSA-STD-FSR-PKG,Halsa Bed : Includes head and fo...,,,,,,,,,,
Sunrise,JLATSA44R,D-03953,D-03953,Non-Rental Part,D-MISC,HME Demo - Miscellaneous,,,,,,,,,,
Sunrise,JLATSA44L,D-03952,D-03952,Non-Rental Part,D-MISC,HME Demo - Miscellaneous,,,,,,,,,,
Sunrise,Jay  X2 Cushion - 14x14,231520JX21414,D-03946,Non-Rental Part,D-SEA-CUSH,HME Demo - Cushions,,,,,,,,,,
STANNAH,SIENA6004,U60124070068,,Non-Rental Part,Siena6004,Siena 600 with 4.5M Rail - Inclu...,,,,,,,,,,
Sunrise,PAL Classroom seat GREEN size 3,LEC234169,D-03252,Non-Rental Part,D-PED,HME Demo - Pediatric Equipment,,,,,,,,,,
Matrix,PS heavy duty 24x20,0M0338540,D-02222,Non-Rental Part,D-SEA-CUSH,HME Demo - Cushions,,,,,,,,,,
Solus Equagel,18x20 Basic Cushion,D-02201,D-02201,Non-Rental Part,D-SEA-CUSH,HME Demo - Cushions,,,,,,,,,,
Permobil (Advanced),Rifton Activity Chair - Small,20150310AB,D-03241,Non-Rental Part,D-PED,HME Demo - Pediatric Equipment,,,,,,,,,,
INVACARE,Etude HC Bed,22F09001655,,Non-Rental Part,ETUDE-HC,Etude HC Bed - no rails included,,,,,,,,,,
Matrix,visco foam cushion 18x16,0M0338611,D-02216,Non-Rental Part,D-SEA-CUSH,HME Demo - Cushions,,,,,,,,,,
,,2213,,Non-Rental Part,D-MISC,HME Demo - Miscellaneous,,,,,,,,,,
HME,Basic cushion,D-00205,D-00205,Non-Rental Part,D-SEA-CUSH,HME Demo - Cushions,,,,,,,,,,
,,2212,,Non-Rental Part,D-MISC,HME Demo - Miscellaneous,,,,,,,,,,
Modular Access System,ThruFlow decking 36x12 - Ergo Beige,539-5,D-03973,Non-Rental Part,D-MISC,HME Demo - Miscellaneous,,,,,,,,,,
Permobil,Roho HP 20 x 18,A4693486,D-03996,Non-Rental Part,D-SEA-CUSH,HME Demo - Cushions,,,,,,,,,,
Physipro,Bumble Cushions - 12x12,D-03985,D-03985,Non-Rental Part,D-SEA-CUSH,HME Demo - Cushions,,,,,,,,,,
Physipro,Bumble Bee Cusions - 12x14,D-03986,D-03986,Non-Rental Part,D-SEA-CUSH,HME Demo - Cushions,,,,,,,,,,
Modular Access System,ThruFlow decking 36x12 - Ergo Beige,539-4,D-03972,Non-Rental Part,D-MISC,HME Demo - Miscellaneous,,,,,,,,,,
Stannah,Siena 6005,U60023280083,,Non-Rental Part,Siena6005,Siena 600 with 5M Rail - Include...,,,,,,,,,,
Physiopro,Y-Style 4 Point Belt Small,D-02205,D-02205,Non-Rental Part,D-PED,HME Demo - Pediatric Equipment,,,,,,,,,,
Modular Access System,ThruFlow decking 36x12 - Ergo Beige,539-3,D-03971,Non-Rental Part,D-MISC,HME Demo - Miscellaneous,,,,,,,,,,
PDG,Stellar GL Manual Tilt WC,112891,,Non-Rental Part,1901000,Stellar GL 45° Manual Tilt Wheel...,,,,,,,,,,
Stannah,Siena 6006,U60023270076,,Non-Rental Part,Siena6006,Siena 600 with 6M Rail - Include...,,,,,,,,,,
Prius,Low Air Loss Mattress,C890010922,D-03590,Non-Rental Part,D-MAT-LAL,HME Demo - Low Air Loss Mattresses,,,,,,,,,,
Ki Mobility,CR45 Tilt WC - 16x16,CR45006573,,Non-Rental Part,E1161,CR45 Tilt Wheelchair - Transit I...,,,,,,,,,,
Ki Mobility,CR45 Tilt WC - 18x18,CR45006584,,Non-Rental Part,E1161,CR45 Tilt Wheelchair - Transit I...,,,,,,,,,,
Permobil,R851 Medium Activity Chair,R85020220310AA,D-03616,Non-Rental Part,D-PED,HME Demo - Pediatric Equipment,,,,,,,,,,
Ki Mobility,CR45 Tilt WC - 18x20,CR45006565,,Non-Rental Part,E1161,CR45 Tilt Wheelchair - Transit I...,,,,,,,,,,
Ki Mobility,CR45 Tilt WC - 20x20,CR45006589,,Non-Rental Part,E1161,CR45 Tilt Wheelchair - Transit I...,,,,,,,,,,
Ki Mobility,CR45 Tilt WC - 18x18,CR45006585,,Non-Rental Part,E1161,CR45 Tilt Wheelchair - Transit I...,,,,,,,,,,
Ki Mobility,CR45 Tilt WC - 18x18,CR45006582,,Non-Rental Part,E1161,CR45 Tilt Wheelchair - Transit I...,,,,,,,,,,
Ki Mobility,CR45 Tilt WC - 20x20,CR45006566,,Non-Rental Part,E1161,CR45 Tilt Wheelchair - Transit I...,,,,,,,,,,
Ki Mobility,CR45 Tilt WC - 18x18,CR45006581,,Non-Rental Part,E1161,CR45 Tilt Wheelchair - Transit I...,,,,,,,,,,
NXT,Generation 20X22,nxt-46707,D-00111,Non-Rental Part,D-WC-TILT,HME Demo - Tilt Wheelchairs,,,,,,,,,,
Pride,Litestream XF 16X16,m1011110250020,D-00123,Non-Rental Part,D-WC-MANUAL,HME Demo - Manual Wheelchairs,,,,,,,,,,
HIGHSTAR,5501 - Corner chair - size1,0196701-7-1-A,D-04612,Non-Rental Part,D-PED,HME Demo - Pediatric Equipment,,,,,,,,,,
HIGHSTAR,6901 -  Heathfield Adjusable arm chair - Size1,0196701-1-1-A,D-04611,Non-Rental Part,D-PED,HME Demo - Pediatric Equipment,,,,,,,,,,
INVACARE,9000 Jymni Light wheelchair - 10x10,24GM004371,,Non-Rental Part,9JYLT,9000 Jymni Light wheelchair,,,,,,,,,,
Ki Mobility,CR45 Tilt WC - 20x20,CR45006588,,Non-Rental Part,E1161,CR45 Tilt Wheelchair - Transit I...,,,,,,,,,,
Ki Mobility,CR45 Tilt WC - 18x18,CR45006583,,Non-Rental Part,E1161,CR45 Tilt Wheelchair - Transit I...,,,,,,,,,,
HIGHSTAR,3172 - EASI-SHOWER FIXED - Size 2,0196701-8-1-A,D-04613,Non-Rental Part,D-PED,HME Demo - Pediatric Equipment,,,,,,,,,,
Ottobock,Discovery Tmax,2016-10140017,D-00107,Non-Rental Part,D-WC-TILT,HME Demo - Tilt Wheelchairs,,,,,,,,,,
Ki Mobility,CR45 Tilt WC - 18x18,CR45006578,,Non-Rental Part,E1161,CR45 Tilt Wheelchair - Transit I...,,,,,,,,,,
Ki Mobility,CR45 Tilt WC - 16x18,CR45006563,,Non-Rental Part,E1161,CR45 Tilt Wheelchair - Transit I...,,,,,,,,,,
Ki Mobility,CR45 Tilt WC - 16x16,CR45006575,,Non-Rental Part,E1161,CR45 Tilt Wheelchair - Transit I...,,,,,,,,,,
Ki Mobility,CR45 Tilt WC - 18x20,CR45006587,,Non-Rental Part,E1161,CR45 Tilt Wheelchair - Transit I...,,,,,,,,,,
Ki Mobility,CR45 Tilt WC - 16x16,CR45006576,,Non-Rental Part,E1161,CR45 Tilt Wheelchair - Transit I...,,,,,,,,,,
Ki Mobility,CR45 Tilt WC - 16x18,CR45006577,,Non-Rental Part,E1161,CR45 Tilt Wheelchair - Transit I...,,,,,,,,,,
Ki Mobility,CR45 Tilt WC - 16x16,CR45006574,,Non-Rental Part,E1161,CR45 Tilt Wheelchair - Transit I...,,,,,,,,,,
Ki Mobility,CR45 Tilt WC - 18x18,CR45006579,,Non-Rental Part,E1161,CR45 Tilt Wheelchair - Transit I...,,,,,,,,,,
Ki Mobility,CR45 Tilt WC - 18x18,CR45006580,,Non-Rental Part,E1161,CR45 Tilt Wheelchair - Transit I...,,,,,,,,,,
Ki Mobility,CR45 Tilt WC - 18x18,CR45006586,,Non-Rental Part,E1161,CR45 Tilt Wheelchair - Transit I...,,,,,,,,,,
Ki Mobility,CR45 Tilt WC - 18x18,CR45006564,,Non-Rental Part,E1161,CR45 Tilt Wheelchair - Transit I...,,,,,,,,,,
Motion Composites,Helio Kids 12 x 14,198606,D-04614,Non-Rental Part,D-PED,HME Demo - Pediatric Equipment,,,,,,,,,,
STANNAH,Stannah 260 Curved Stairlift,U26024170242,,Non-Rental Part,Stannah260Curved,Stannah 260 Curved Stairlift,,,,,,,,,,
,,.R-SEA-MISC,,Available,.R-SEA-MISC,Misc Cushion (Monthly Rental) - ...,,,,,,,,,,
Solutions,Sulotions SPP Cushion - 12x14,HME-04942,HME-04942,Available,R-PED-MISC,Pediatric Miscellaneous Equipmen...,,,,,,,,,,
R82,Crocodile Size 1,5080126,D-02064,Available,R-PED-MISC,Pediatric Miscellaneous Equipmen...,,,,,,,,,,
Ki,Clik 10x10,CLK003435,HME-07745,Available,R-PED-MISC,Pediatric Miscellaneous Equipmen...,,,,,,,,,,
Quickie,Quickie QX 14x14,QX-022674,HME-05857,Available,R-WC-MISC,Miscellaneous Wheelchair (Monthl...,,,,,,,,,,
Drive,"Wallaby 14"" Jet Fighter Blue",4S2205087467,HME-06153,Available,R-WC-PED-M,Wallaby pediatric folding chair ...,,,,,,,,,,
Dynamic,Vicair Vector 22x20,HME-05050,HME-05050,Available,R-SEA-BARI-CU,Bariatric Cushion (Monthly Rental),,,,,,,,,,
Drive,"Wallaby 14"" Jet Fighter Blue",4S2205087603,HME-06154,Available,R-WC-PED-M,Wallaby pediatric folding chair ...,,,,,,,,,,
Permobil,Roho hybrid Elite 16 x 18,HME-02157,HME-02157,Available,R-SEA-MISC,Miscellenous Cushion Specify Siz...,,,,,,,,,,
Firefly,Go To Seat Size 1,LEC/248262,D-02065,Available,R-PED-MISC,Pediatric Miscellaneous Equipmen...,,,,,,,,,,
,,.R-SEA-MISC,,Available,.R-SEA-MISC,Misc Cushion (Monthly Rental) - ...,,,,,,,,,,
Zippie,Iris,ZRS-056332,D-02021,Available,R-WC-PED-T,Pediatric Tilt Wheelchair (Month...,,,,,,,,,,
Invacare,Reliant 450,13HM008359,BC10770,Available,R-LIFT-PFL-RELIANT450,Electric Portable Floor Lift - R...,,,,,,,,,,
Sunrise,Jay Fusion 16x16,HME-02623,HME-02623,Available,R-SEA-PREM-JF1616,"Jay Fusion Premium Cushion 16"" x...",,,,,,,,,,
Medline,Wheel 3'' footpiece,HME-03813-1,,Available,R-PED-MISC,Pediatric Miscellaneous Equipmen...,,,,,,,,,,
Storage,Fee,Storage Fee-1,Storage Fee-1,Available,R-ACCESS-ELAN,Elan Stairlift (Monthly Rental) ...,,,,,,,,,,
Unknown,Unknown,DUM-77,DUM-77,Available,R-BTH-PEDC,Pediatric Commode,,,,,,,,,,
Drive,"Viper 12""",2A1901000767,HME-07929,Available,R-WC-PED-R-VIPER12,Drive Viper Reclining Chair - 12...,,,,,,,,,,
Arjo,Voyager Motor,300138442,BC9470,Available,R-LIFT-MOTOR,ARJO Maxisky 440/Voyager Portabl...,,,,,,,,,,
Ki,Little Wave 12x9,TSLW003591,D-02016,Available,R-PED-MISC,Pediatric Miscellaneous Equipmen...,,,,,,,,,,
Invacare,Etude,20F09000164,HME-03083,Available,R-BED-BEDP-ETUDE,Premium Bed - Etude with 1/2 sid...,,,,,,,,,,
,Wheel 3'' footpiece,HME-03813-3,,Available,R-PED-MISC,Pediatric Miscellaneous Equipmen...,,,,,,,,,,
Zippie,Voyage Size 14,ZV-001848,D-02046,Available,R-PED-MISC,Pediatric Miscellaneous Equipmen...,,,,,,,,,,
,Special Tomato Booster Seat,D-02548,D-02548,Available,R-PED-MISC,Pediatric Miscellaneous Equipmen...,,,,,,,,,,
Easy Stand,Easystand Bantam Stander - Medium,V6027930011,HME-07782,Available,R-PED-MISC,Pediatric Miscellaneous Equipmen...,,,,,,,,,,
Sara,Stedy,DUM-551,DUM-55,Available,R-LIFT-SS,Sara Stedy Lift (Monthly Rental),,,,,,,,,,
Handicare,P440 Motor,281385,HME-03835,Available,R-LIFT-MISC,Miscellaneous Lift - Specify Model,,,,,,,,,,
,Wheel 3'' footpiece,HME-03813-2,,Available,R-PED-MISC,Pediatric Miscellaneous Equipmen...,,,,,,,,,,
Unknown,Unknown,DUM-75,DUM-75,Available,R-BTH-PEDC,Pediatric Commode,,,,,,,,,,
Leckey,Bath Seat Size 2,LEC/201838/LEC/201814,HME-04580,Available,R-BTH-PEDC,Pediatric Commode,,,,,,,,,,
Future,Stellato 18x20,004210,HME-03897,Available,R-WC-MISC,Miscellaneous Wheelchair (Monthl...,,,,,,,,,,
Rifton,HTS,Z120  20150828AF,HME-03009,Available,R-BTH-PEDC,Pediatric Commode,,,,,,,,,,
Rifton,HTS Medium,Z12020190617AB,D-02090,Available,R-BTH-PEDC,Pediatric Commode,,,,,,,,,,
Drive,P-pod w/seating - blue,D-03622,D-03622,Available,R-PED-MISC,Pediatric Miscellaneous Equipmen...,,,,,,,,,,
Invacare,Reliant 450,22HM006337,HME-05956,Available,R-LIFT-PFL-RELIANT450,Electric Portable Floor Lift - R...,,,,,,,,,,
,,D-00017,,Available,R-WC-PED-T,Pediatric Tilt Wheelchair (Month...,,,,,,,,,,
Permobil,Roho cushion 16x16,A3579072,BC9957,Available,R-SEA-ROHOHP1616,ROHO Air Flotation Cushion w. Pu...,,,,,,,,,,
,Wheel 3'' footpiece,HME-03813-4,,Available,R-PED-MISC,Pediatric Miscellaneous Equipmen...,,,,,,,,,,
Altimate,PT50002 - EasyStand Bantam,V2030183007,HME-00769,Available,R-PED-MISC,Pediatric Miscellaneous Equipmen...,,,,,,,,,,
Vicair,Vector 18x18,626824,HME-02713,Available,R-SEA-PREM-V1818,"Vicair Vector 10 4"" Cushion 18x1...",,,,,,,,,,
Physipro,Resolve 14x14,HME-00822,HME-00822,Available,R-PED-MISC,Pediatric Miscellaneous Equipmen...,,,,,,,,,,
Safety chair,EV-7000 Safety Chair,EV-7000,HME-04510,Available,R-LIFT-MISC,Miscellaneous Lift - Specify Model,,,,,,,,,,
,,BC10355,BC10355,Available,R-PED-MISC,Pediatric Miscellaneous Equipmen...,,,,,,,,,,
Tilite,AeroX 14x16,11956576,HME-04731,Available,R-WC-PED-M,Wallaby pediatric folding chair ...,,,,,,,,,,
Firefly,Splashy,HME-07185,HME-07185,Available,R-PED-MISC,Pediatric Miscellaneous Equipmen...,,,,,,,,,,
R82 INC,Crocodile Size2 - Orange,5100812,D-03655,Available,R-PED-MISC,Pediatric Miscellaneous Equipmen...,,,,,,,,,,
Helio,12x14,14167,D-02009,Available,R-WC-PED-M,Wallaby pediatric folding chair ...,,,,,,,,,,
Physipro,Bumblebee Cushion - 14x14,D-03857,D-03857,Available,R-SEA-MISC,Miscellenous Cushion Specify Siz...,,,,,,,,,,
ARJO,Voyager Motor,300206347,HME-01772,Available,R-LIFT-MOTOR,ARJO Maxisky 440/Voyager Portabl...,,,,,,,,,,
Otto Bock,Yogi Anterior Walker Size 1,2.0135E+11,hme-01268,Available,R-PED-MISC,Pediatric Miscellaneous Equipmen...,,,,,,,,,,
Stannah,Siena 600,U60122210217-DEMO,HME-05434,Available,R-ACCESS-ELAN,Elan Stairlift (Monthly Rental) ...,,,,,,,,,,
,,300380894,,Available,R-LIFT-MOTOR,ARJO Maxisky 440/Voyager Portabl...,,,,,,,,,,
Ki Mobility,Axiom P 14x14,HME-06564,HME-06564,Available,R-SEA-MISC,Miscellenous Cushion Specify Siz...,,,,,,,,,,
Sunrise,Squiggles Seating,LEC/234133,CON-882,Available,R-PED-MISC,Pediatric Miscellaneous Equipmen...,,,,,,,,,,
Sunrise,Kimba Neo Base,2.01841E+11,CON-881,Available,R-PED-MISC,Pediatric Miscellaneous Equipmen...,,,,,,,,,,
Convaid,Metro 16 Stroller,ME16T-00529,BC9993,Available,R-PED-MISC,Pediatric Miscellaneous Equipmen...,,,,,,,,,,
Drive,"Viper 12""",2A1901000776,HME-03419,Available,R-WC-PED-R-VIPER12,Drive Viper Reclining Chair - 12...,,,,,,,,,,
Handicare,AP-450 Lift motor,A20201217670007,HME-05873,Available,R-LIFT-MOTOR,ARJO Maxisky 440/Voyager Portabl...,,,,,,,,,,
LIW CARE,Travel Sit - Medium,M0840,HME-07952,Available,R-PED-MISC,Pediatric Miscellaneous Equipmen...,,,,,,,,,,
Invacare,9000 Jymni Light Wheelchair 14 x14,21JM003093,HME-04176,Available,R-WC-PED-R-JYMNI1414,9000 Jymni Light wheelchair - 14...,,,,,,,,,,
Rifton,HTS,Z12020200219AA,D-02079,Available,R-PED-MISC,Pediatric Miscellaneous Equipmen...,,,,,,,,,,
Ki Mobility,Axiom P 14x14,HME-06492,HME-06492,Available,R-SEA-MISC,Miscellenous Cushion Specify Siz...,,,,,,,,,,
Ki Mobility,Axiom P 14x14,HME-06563,HME-06563,Available,R-SEA-MISC,Miscellenous Cushion Specify Siz...,,,,,,,,,,
Bruno,SRE-3000,20110331069,DUM-18,Available,R-ACCESS-ELAN,Elan Stairlift (Monthly Rental) ...,,,,,,,,,,
Invacare,Jymni 12x10,20CM015931,HME-03423,Available,R-WC-PED-R-JYMNI1210,9000 Jymni Light wheelchair - 12...,,,,,,,,,,
HANDICARE,AP300 Portable Lift Motor,A202306232532184,HME-07507,Available,R-LIFT-MISC,Miscellaneous Lift - Specify Model,,,,,,,,,,
Invacare,Etude,20D09003449,HME-03070,Available,R-BED-BEDP-ETUDE,Premium Bed - Etude with 1/2 sid...,,,,,,,,,,
Rifton,Wave Bath Seat,HME-07444,HME-07444,Available,R-BTH-MISC,Miscellaneous Bathroom Products ...,,,,,,,,,,
Invacare,Jymni 12x10,20CM015932,HME-03422,Available,R-WC-PED-R-JYMNI1210,9000 Jymni Light wheelchair - 12...,,,,,,,,,,
ARJO,VOYAGER,300215468,HME-07626,Available,R-LIFT-MOTOR,ARJO Maxisky 440/Voyager Portabl...,,,,,,,,,,
Physiopro,Axis adjustable tension backrest 18x18,D5211-1818,HME-03685,Available,R-PED-MISC,Pediatric Miscellaneous Equipmen...,,,,,,,,,,
Medline,Folding walker child,HME-03814,HME-03814,Available,R-PED-MISC,Pediatric Miscellaneous Equipmen...,,,,,,,,,,
Rifton,Wave Large,Z23020210615AM,D-02195,Available,R-PED-MISC,Pediatric Miscellaneous Equipmen...,,,,,,,,,,
Medline,Folding walker child,HME-03815,HME-03815,Available,R-PED-MISC,Pediatric Miscellaneous Equipmen...,,,,,,,,,,
Medline,Folding walker child,HME-03813,HME-03813,Available,R-PED-MISC,Pediatric Miscellaneous Equipmen...,,,,,,,,,,
,,D-02150.,,Available,R-SEA-MISC,Miscellenous Cushion Specify Siz...,,,,,,,,,,
Physiopro,Axis adjustable tension backrest 14x14,D5211-1414,HME-03683,Available,R-PED-MISC,Pediatric Miscellaneous Equipmen...,,,,,,,,,,
Convaid,EZ Rider size 14,EZ14-2143152,HME-04292,Available,R-PED-MISC,Pediatric Miscellaneous Equipmen...,,,,,,,,,,
Physiopro,Axis adjustable tension backrest 12x12,D5211-1212,HME-03682,Available,R-PED-MISC,Pediatric Miscellaneous Equipmen...,,,,,,,,,,
Invacare,9000 Jymni Light Wheelchair 14x14 blue,21DM009954,HME-03827,Available,R-WC-PED-R-JYMNI1414,9000 Jymni Light wheelchair - 14...,,,,,,,,,,
,,17BSZ102471,HME-05525,Available,R-LIFT-PFL-RELIANT450,Electric Portable Floor Lift - R...,,,,,,,,,,
Drive,"P Pod M  Positioning Support,Pool blue",2022015VA080454,D-03600,Available,R-PED-MISC,Pediatric Miscellaneous Equipmen...,,,,,,,,,,
Invacare,9000 Jymni light WC,21JM003095,HME-04088,Available,R-WC-PED-R-JYMNI1414,9000 Jymni Light wheelchair - 14...,,,,,,,,,,
Motion Concepts,"Cushion,PSVF,16x16",1C0041206,HME-03287,Available,R-SEA-BASIC-PSVF1616,"Invacare PSVF Cushion - 16""x16"" ...",,,,,,,,,,
Nighthawk,Cumfu x14,HME-05238,HME-05238,Available,R-PED-MISC,Pediatric Miscellaneous Equipmen...,,,,,,,,,,
Rifton,Rifton Bathseat,20170125AD,HME-07173,Available,R-PED-MISC,Pediatric Miscellaneous Equipmen...,,,,,,,,,,
Unknown,Unknown,DUM-112,DUM-112,Available,R-SEA-MISC,Miscellenous Cushion Specify Siz...,,,,,,,,,,
,,,,Available,R-WC-PED-T,Pediatric Tilt Wheelchair (Month...,,,,,,,,,,
Hoggi,Flux,201013821,D-00035,Available,R-PED-MISC,Pediatric Miscellaneous Equipmen...,,,,,,,,,,
